metric_id,metric_name,metric_startdate,metric_enddate,hora,demanda,entidad,fecha_hora,dia,mes,trimestre,anio,dia_semana,es_festivo,es_fin_de_semana
DemaReal,Demanda Real por Sistema,2025-10-27T00:00:00,2025-11-26T00:00:00,8,9954768.53,Sistema,2025-11-20 08:00:00,20,11,4,2025,3,False,False
DemaReal,Demanda Real por Sistema,2025-10-27T00:00:00,2025-11-26T00:00:00,9,10213450.66,Sistema,2025-11-20 09:00:00,20,11,4,2025,3,False,False
DemaReal,Demanda Real por Sistema,2025-10-27T00:00:00,2025-11-26T00:00:00,10,10563738.38,Sistema,2025-11-20 10:00:00,20,11,4,2025,3,False,False
DemaReal,Demanda Real por Sistema,2025-10-27T00:00:00,2025-11-26T00:00:00,11,10834164.44,Sistema,2025-11-20 11:00:00,20,11,4,2025,3,False,False
DemaReal,Demanda Real por Sistema,2025-10-27T00:00:00,2025-11-26T00:00:00,12,10816152.6,Sistema,2025-11-20 12:00:00,20,11,4,2025,3,False,False
DemaReal,Demanda Real por Sistema,2025-10-27T00:00:00,2025-11-26T00:00:00,13,10933459.21,Sistema,2025-11-20 13:00:00,20,11,4,2025,3,False,False
DemaReal,Demanda Real por Sistema,2025-10-27T00:00:00,2025-11-26T00:00:00,14,11148839.46,Sistema,2025-11-20 14:00:00,20,11,4,2025,3,False,False
DemaReal,Demanda Real por Sistema,2025-10-27T00:00:00,2025-11-26T00:00:00,15,11235899.33,Sistema,2025-11-20 15:00:00,20,11,4,2025,3,False,False
DemaReal,Demanda Real por Sistema,2025-10-27T00:00:00,2025-11-26T00:00:00,16,11087578.84,Sistema,2025-11-20 16:00:00,20,11,4,2025,3,False,False
DemaReal,Demanda Real por Sistema,2025-10-27T00:00:00,2025-11-26T00:00:00,17,11145693.16,Sistema,2025-11-20 17:00:00,20,11,4,2025,3,False,False
DemaReal,Demanda Real por Sistema,2025-10-27T00:00:00,2025-11-26T00:00:00,18,11587058.6,Sistema,2025-11-20 18:00:00,20,11,4,2025,3,False,False
DemaReal,Demanda Real por Sistema,2025-10-27T00:00:00,2025-11-26T00:00:00,19,11491248.14,Sistema,2025-11-20 19:00:00,20,11,4,2025,3,False,False
DemaReal,Demanda Real por Sistema,2025-10-27T00:00:00,2025-11-26T00:00:00,20,11225361.99,Sistema,2025-11-20 20:00:00,20,11,4,2025,3,False,False
DemaReal,Demanda Real por Sistema,2025-10-27T00:00:00,2025-11-26T00:00:00,21,10737409.03,Sistema,2025-11-20 21:00:00,20,11,4,2025,3,False,False
DemaReal,Demanda Real por Sistema,2025-10-27T00:00:00,2025-11-26T00:00:00,22,10104591.83,Sistema,2025-11-20 22:00:00,20,11,4,2025,3,False,False
DemaReal,Demanda Real por Sistema,2025-10-27T00:00:00,2025-11-26T00:00:00,23,9483228.63,Sistema,2025-11-20 23:00:00,20,11,4,2025,3,False,False
DemaReal,Demanda Real por Sistema,2025-10-27T00:00:00,2025-11-26T00:00:00,0,8979873.57,Sistema,2025-11-21 00:00:00,21,11,4,2025,4,False,False
DemaReal,Demanda Real por Sistema,2025-10-27T00:00:00,2025-11-26T00:00:00,1,8656416.53,Sistema,2025-11-21 01:00:00,21,11,4,2025,4,False,False
DemaReal,Demanda Real por Sistema,2025-10-27T00:00:00,2025-11-26T00:00:00,2,8407464.81,Sistema,2025-11-21 02:00:00,21,11,4,2025,4,False,False
DemaReal,Demanda Real por Sistema,2025-10-27T00:00:00,2025-11-26T00:00:00,3,8304316.97,Sistema,2025-11-21 03:00:00,21,11,4,2025,4,False,False
DemaReal,Demanda Real por Sistema,2025-10-27T00:00:00,2025-11-26T00:00:00,4,8442935.2,Sistema,2025-11-21 04:00:00,21,11,4,2025,4,False,False
DemaReal,Demanda Real por Sistema,2025-10-27T00:00:00,2025-11-26T00:00:00,5,8780910.38,Sistema,2025-11-21 05:00:00,21,11,4,2025,4,False,False
DemaReal,Demanda Real por Sistema,2025-10-27T00:00:00,2025-11-26T00:00:00,6,9092437.55,Sistema,2025-11-21 06:00:00,21,11,4,2025,4,False,False
DemaReal,Demanda Real por Sistema,2025-10-27T00:00:00,2025-11-26T00:00:00,7,9546596.97,Sistema,2025-11-21 07:00:00,21,11,4,2025,4,False,False
DemaReal,Demanda Real por Sistema,2025-10-27T00:00:00,2025-11-26T00:00:00,8,9943854.1,Sistema,2025-11-21 08:00:00,21,11,4,2025,4,False,False
DemaReal,Demanda Real por Sistema,2025-10-27T00:00:00,2025-11-26T00:00:00,9,10164547.37,Sistema,2025-11-21 09:00:00,21,11,4,2025,4,False,False
DemaReal,Demanda Real por Sistema,2025-10-27T00:00:00,2025-11-26T00:00:00,10,10480985.83,Sistema,2025-11-21 10:00:00,21,11,4,2025,4,False,False
DemaReal,Demanda Real por Sistema,2025-10-27T00:00:00,2025-11-26T00:00:00,11,10867398.56,Sistema,2025-11-21 11:00:00,21,11,4,2025,4,False,False
DemaReal,Demanda Real por Sistema,2025-10-27T00:00:00,2025-11-26T00:00:00,12,10774002.68,Sistema,2025-11-21 12:00:00,21,11,4,2025,4,False,False
DemaReal,Demanda Real por Sistema,2025-10-27T00:00:00,2025-11-26T00:00:00,13,10805296.35,Sistema,2025-11-21 13:00:00,21,11,4,2025,4,False,False
DemaReal,Demanda Real por Sistema,2025-10-27T00:00:00,2025-11-26T00:00:00,14,10987026.01,Sistema,2025-11-21 14:00:00,21,11,4,2025,4,False,False
DemaReal,Demanda Real por Sistema,2025-10-27T00:00:00,2025-11-26T00:00:00,15,11137503.0,Sistema,2025-11-21 15:00:00,21,11,4,2025,4,False,False
DemaReal,Demanda Real por Sistema,2025-10-27T00:00:00,2025-11-26T00:00:00,16,10986006.09,Sistema,2025-11-21 16:00:00,21,11,4,2025,4,False,False
DemaReal,Demanda Real por Sistema,2025-10-27T00:00:00,2025-11-26T00:00:00,17,11001357.17,Sistema,2025-11-21 17:00:00,21,11,4,2025,4,False,False
DemaReal,Demanda Real por Sistema,2025-10-27T00:00:00,2025-11-26T00:00:00,18,11503449.07,Sistema,2025-11-21 18:00:00,21,11,4,2025,4,False,False
DemaReal,Demanda Real por Sistema,2025-10-27T00:00:00,2025-11-26T00:00:00,19,11387341.38,Sistema,2025-11-21 19:00:00,21,11,4,2025,4,False,False
DemaReal,Demanda Real por Sistema,2025-10-27T00:00:00,2025-11-26T00:00:00,20,11089927.46,Sistema,2025-11-21 20:00:00,21,11,4,2025,4,False,False
DemaReal,Demanda Real por Sistema,2025-10-27T00:00:00,2025-11-26T00:00:00,21,10589166.82,Sistema,2025-11-21 21:00:00,21,11,4,2025,4,False,False
DemaReal,Demanda Real por Sistema,2025-10-27T00:00:00,2025-11-26T00:00:00,22,10003219.03,Sistema,2025-11-21 22:00:00,21,11,4,2025,4,False,False
DemaReal,Demanda Real por Sistema,2025-10-27T00:00:00,2025-11-26T00:00:00,23,9467521.74,Sistema,2025-11-21 23:00:00,21,11,4,2025,4,False,False
DemaReal,Demanda Real por Sistema,2025-10-27T00:00:00,2025-11-26T00:00:00,0,8989293.59,Sistema,2025-11-22 00:00:00,22,11,4,2025,5,False,True
DemaReal,Demanda Real por Sistema,2025-10-27T00:00:00,2025-11-26T00:00:00,1,8649976.81,Sistema,2025-11-22 01:00:00,22,11,4,2025,5,False,True
DemaReal,Demanda Real por Sistema,2025-10-27T00:00:00,2025-11-26T00:00:00,2,8410103.36,Sistema,2025-11-22 02:00:00,22,11,4,2025,5,False,True
DemaReal,Demanda Real por Sistema,2025-10-27T00:00:00,2025-11-26T00:00:00,3,8302363.16,Sistema,2025-11-22 03:00:00,22,11,4,2025,5,False,True
DemaReal,Demanda Real por Sistema,2025-10-27T00:00:00,2025-11-26T00:00:00,4,8302769.41,Sistema,2025-11-22 04:00:00,22,11,4,2025,5,False,True
DemaReal,Demanda Real por Sistema,2025-10-27T00:00:00,2025-11-26T00:00:00,5,8376196.73,Sistema,2025-11-22 05:00:00,22,11,4,2025,5,False,True
DemaReal,Demanda Real por Sistema,2025-10-27T00:00:00,2025-11-26T00:00:00,6,8590171.58,Sistema,2025-11-22 06:00:00,22,11,4,2025,5,False,True
DemaReal,Demanda Real por Sistema,2025-10-27T00:00:00,2025-11-26T00:00:00,7,9063742.24,Sistema,2025-11-22 07:00:00,22,11,4,2025,5,False,True
DemaReal,Demanda Real por Sistema,2025-10-27T00:00:00,2025-11-26T00:00:00,8,9523047.34,Sistema,2025-11-22 08:00:00,22,11,4,2025,5,False,True
DemaReal,Demanda Real por Sistema,2025-10-27T00:00:00,2025-11-26T00:00:00,9,9858516.97,Sistema,2025-11-22 09:00:00,22,11,4,2025,5,False,True
DemaReal,Demanda Real por Sistema,2025-10-27T00:00:00,2025-11-26T00:00:00,10,10154165.02,Sistema,2025-11-22 10:00:00,22,11,4,2025,5,False,True
DemaReal,Demanda Real por Sistema,2025-10-27T00:00:00,2025-11-26T00:00:00,11,10374357.46,Sistema,2025-11-22 11:00:00,22,11,4,2025,5,False,True
DemaReal,Demanda Real por Sistema,2025-10-27T00:00:00,2025-11-26T00:00:00,12,10340106.34,Sistema,2025-11-22 12:00:00,22,11,4,2025,5,False,True
DemaReal,Demanda Real por Sistema,2025-10-27T00:00:00,2025-11-26T00:00:00,13,10246415.49,Sistema,2025-11-22 13:00:00,22,11,4,2025,5,False,True
DemaReal,Demanda Real por Sistema,2025-10-27T00:00:00,2025-11-26T00:00:00,14,10218343.29,Sistema,2025-11-22 14:00:00,22,11,4,2025,5,False,True
DemaReal,Demanda Real por Sistema,2025-10-27T00:00:00,2025-11-26T00:00:00,15,10214189.09,Sistema,2025-11-22 15:00:00,22,11,4,2025,5,False,True
DemaReal,Demanda Real por Sistema,2025-10-27T00:00:00,2025-11-26T00:00:00,16,10157258.71,Sistema,2025-11-22 16:00:00,22,11,4,2025,5,False,True
DemaReal,Demanda Real por Sistema,2025-10-27T00:00:00,2025-11-26T00:00:00,17,10357612.93,Sistema,2025-11-22 17:00:00,22,11,4,2025,5,False,True
DemaReal,Demanda Real por Sistema,2025-10-27T00:00:00,2025-11-26T00:00:00,18,10972509.48,Sistema,2025-11-22 18:00:00,22,11,4,2025,5,False,True
DemaReal,Demanda Real por Sistema,2025-10-27T00:00:00,2025-11-26T00:00:00,19,10871478.9,Sistema,2025-11-22 19:00:00,22,11,4,2025,5,False,True
DemaReal,Demanda Real por Sistema,2025-10-27T00:00:00,2025-11-26T00:00:00,20,10549961.61,Sistema,2025-11-22 20:00:00,22,11,4,2025,5,False,True
DemaReal,Demanda Real por Sistema,2025-10-27T00:00:00,2025-11-26T00:00:00,21,10125575.58,Sistema,2025-11-22 21:00:00,22,11,4,2025,5,False,True
DemaReal,Demanda Real por Sistema,2025-10-27T00:00:00,2025-11-26T00:00:00,22,9622865.54,Sistema,2025-11-22 22:00:00,22,11,4,2025,5,False,True
DemaReal,Demanda Real por Sistema,2025-10-27T00:00:00,2025-11-26T00:00:00,23,9126870.7,Sistema,2025-11-22 23:00:00,22,11,4,2025,5,False,True
DemaReal,Demanda Real por Sistema,2025-10-27T00:00:00,2025-11-26T00:00:00,0,8710088.57,Sistema,2025-11-23 00:00:00,23,11,4,2025,6,False,True
DemaReal,Demanda Real por Sistema,2025-10-27T00:00:00,2025-11-26T00:00:00,1,8400305.89,Sistema,2025-11-23 01:00:00,23,11,4,2025,6,False,True
DemaReal,Demanda Real por Sistema,2025-10-27T00:00:00,2025-11-26T00:00:00,2,8187113.96,Sistema,2025-11-23 02:00:00,23,11,4,2025,6,False,True
DemaReal,Demanda Real por Sistema,2025-10-27T00:00:00,2025-11-26T00:00:00,3,7979372.92,Sistema,2025-11-23 03:00:00,23,11,4,2025,6,False,True
DemaReal,Demanda Real por Sistema,2025-10-27T00:00:00,2025-11-26T00:00:00,4,7890717.8,Sistema,2025-11-23 04:00:00,23,11,4,2025,6,False,True
DemaReal,Demanda Real por Sistema,2025-10-27T00:00:00,2025-11-26T00:00:00,5,7793650.47,Sistema,2025-11-23 05:00:00,23,11,4,2025,6,False,True
DemaReal,Demanda Real por Sistema,2025-10-27T00:00:00,2025-11-26T00:00:00,6,7632328.1,Sistema,2025-11-23 06:00:00,23,11,4,2025,6,False,True
DemaReal,Demanda Real por Sistema,2025-10-27T00:00:00,2025-11-26T00:00:00,7,7843929.28,Sistema,2025-11-23 07:00:00,23,11,4,2025,6,False,True
DemaReal,Demanda Real por Sistema,2025-10-27T00:00:00,2025-11-26T00:00:00,8,8133138.95,Sistema,2025-11-23 08:00:00,23,11,4,2025,6,False,True
DemaReal,Demanda Real por Sistema,2025-10-27T00:00:00,2025-11-26T00:00:00,9,8420567.55,Sistema,2025-11-23 09:00:00,23,11,4,2025,6,False,True
DemaReal,Demanda Real por Sistema,2025-10-27T00:00:00,2025-11-26T00:00:00,10,8686460.36,Sistema,2025-11-23 10:00:00,23,11,4,2025,6,False,True
DemaReal,Demanda Real por Sistema,2025-10-27T00:00:00,2025-11-26T00:00:00,11,8955992.76,Sistema,2025-11-23 11:00:00,23,11,4,2025,6,False,True
DemaReal,Demanda Real por Sistema,2025-10-27T00:00:00,2025-11-26T00:00:00,12,9053424.76,Sistema,2025-11-23 12:00:00,23,11,4,2025,6,False,True
DemaReal,Demanda Real por Sistema,2025-10-27T00:00:00,2025-11-26T00:00:00,13,9118389.48,Sistema,2025-11-23 13:00:00,23,11,4,2025,6,False,True
DemaReal,Demanda Real por Sistema,2025-10-27T00:00:00,2025-11-26T00:00:00,14,9095868.03,Sistema,2025-11-23 14:00:00,23,11,4,2025,6,False,True
DemaReal,Demanda Real por Sistema,2025-10-27T00:00:00,2025-11-26T00:00:00,15,9110698.75,Sistema,2025-11-23 15:00:00,23,11,4,2025,6,False,True
DemaReal,Demanda Real por Sistema,2025-10-27T00:00:00,2025-11-26T00:00:00,16,9119948.55,Sistema,2025-11-23 16:00:00,23,11,4,2025,6,False,True
DemaReal,Demanda Real por Sistema,2025-10-27T00:00:00,2025-11-26T00:00:00,17,9463395.02,Sistema,2025-11-23 17:00:00,23,11,4,2025,6,False,True
DemaReal,Demanda Real por Sistema,2025-10-27T00:00:00,2025-11-26T00:00:00,18,10184545.8,Sistema,2025-11-23 18:00:00,23,11,4,2025,6,False,True
DemaReal,Demanda Real por Sistema,2025-10-27T00:00:00,2025-11-26T00:00:00,19,10252790.76,Sistema,2025-11-23 19:00:00,23,11,4,2025,6,False,True
DemaReal,Demanda Real por Sistema,2025-10-27T00:00:00,2025-11-26T00:00:00,20,10078088.74,Sistema,2025-11-23 20:00:00,23,11,4,2025,6,False,True
DemaReal,Demanda Real por Sistema,2025-10-27T00:00:00,2025-11-26T00:00:00,21,9771301.88,Sistema,2025-11-23 21:00:00,23,11,4,2025,6,False,True
DemaReal,Demanda Real por Sistema,2025-10-27T00:00:00,2025-11-26T00:00:00,22,9332151.03,Sistema,2025-11-23 22:00:00,23,11,4,2025,6,False,True
DemaReal,Demanda Real por Sistema,2025-10-27T00:00:00,2025-11-26T00:00:00,23,8893784.83,Sistema,2025-11-23 23:00:00,23,11,4,2025,6,False,True
DemaReal,Demanda Real por Sistema,2025-10-27T00:00:00,2025-11-26T00:00:00,0,8521088.62,Sistema,2025-11-24 00:00:00,24,11,4,2025,0,False,False
DemaReal,Demanda Real por Sistema,2025-10-27T00:00:00,2025-11-26T00:00:00,1,8246995.8,Sistema,2025-11-24 01:00:00,24,11,4,2025,0,False,False
DemaReal,Demanda Real por Sistema,2025-10-27T00:00:00,2025-11-26T00:00:00,2,8059346.03,Sistema,2025-11-24 02:00:00,24,11,4,2025,0,False,False
DemaReal,Demanda Real por Sistema,2025-10-27T00:00:00,2025-11-26T00:00:00,3,7999663.31,Sistema,2025-11-24 03:00:00,24,11,4,2025,0,False,False
DemaReal,Demanda Real por Sistema,2025-10-27T00:00:00,2025-11-26T00:00:00,4,8168107.27,Sistema,2025-11-24 04:00:00,24,11,4,2025,0,False,False
DemaReal,Demanda Real por Sistema,2025-10-27T00:00:00,2025-11-26T00:00:00,5,8554028.87,Sistema,2025-11-24 05:00:00,24,11,4,2025,0,False,False
DemaReal,Demanda Real por Sistema,2025-10-27T00:00:00,2025-11-26T00:00:00,6,8849747.77,Sistema,2025-11-24 06:00:00,24,11,4,2025,0,False,False
DemaReal,Demanda Real por Sistema,2025-10-27T00:00:00,2025-11-26T00:00:00,7,9450186.64,Sistema,2025-11-24 07:00:00,24,11,4,2025,0,False,False
DemaReal,Demanda Real por Sistema,2025-10-27T00:00:00,2025-11-26T00:00:00,8,9939436.12,Sistema,2025-11-24 08:00:00,24,11,4,2025,0,False,False
DemaReal,Demanda Real por Sistema,2025-10-27T00:00:00,2025-11-26T00:00:00,9,10195059.85,Sistema,2025-11-24 09:00:00,24,11,4,2025,0,False,False
DemaReal,Demanda Real por Sistema,2025-10-27T00:00:00,2025-11-26T00:00:00,10,10452582.72,Sistema,2025-11-24 10:00:00,24,11,4,2025,0,False,False
DemaReal,Demanda Real por Sistema,2025-10-27T00:00:00,2025-11-26T00:00:00,11,10798549.9,Sistema,2025-11-24 11:00:00,24,11,4,2025,0,False,False
DemaReal,Demanda Real por Sistema,2025-10-27T00:00:00,2025-11-26T00:00:00,12,10734831.34,Sistema,2025-11-24 12:00:00,24,11,4,2025,0,False,False
DemaReal,Demanda Real por Sistema,2025-10-27T00:00:00,2025-11-26T00:00:00,13,10835200.27,Sistema,2025-11-24 13:00:00,24,11,4,2025,0,False,False
DemaReal,Demanda Real por Sistema,2025-10-27T00:00:00,2025-11-26T00:00:00,14,10986499.91,Sistema,2025-11-24 14:00:00,24,11,4,2025,0,False,False
DemaReal,Demanda Real por Sistema,2025-10-27T00:00:00,2025-11-26T00:00:00,15,11000607.98,Sistema,2025-11-24 15:00:00,24,11,4,2025,0,False,False
DemaReal,Demanda Real por Sistema,2025-10-27T00:00:00,2025-11-26T00:00:00,16,10890660.57,Sistema,2025-11-24 16:00:00,24,11,4,2025,0,False,False
DemaReal,Demanda Real por Sistema,2025-10-27T00:00:00,2025-11-26T00:00:00,17,10883433.26,Sistema,2025-11-24 17:00:00,24,11,4,2025,0,False,False
DemaReal,Demanda Real por Sistema,2025-10-27T00:00:00,2025-11-26T00:00:00,18,11378979.12,Sistema,2025-11-24 18:00:00,24,11,4,2025,0,False,False
DemaReal,Demanda Real por Sistema,2025-10-27T00:00:00,2025-11-26T00:00:00,19,11319655.39,Sistema,2025-11-24 19:00:00,24,11,4,2025,0,False,False
DemaReal,Demanda Real por Sistema,2025-10-27T00:00:00,2025-11-26T00:00:00,20,11109444.03,Sistema,2025-11-24 20:00:00,24,11,4,2025,0,False,False
DemaReal,Demanda Real por Sistema,2025-10-27T00:00:00,2025-11-26T00:00:00,21,10636504.27,Sistema,2025-11-24 21:00:00,24,11,4,2025,0,False,False
DemaReal,Demanda Real por Sistema,2025-10-27T00:00:00,2025-11-26T00:00:00,22,9946590.91,Sistema,2025-11-24 22:00:00,24,11,4,2025,0,False,False
DemaReal,Demanda Real por Sistema,2025-10-27T00:00:00,2025-11-26T00:00:00,23,9338087.98,Sistema,2025-11-24 23:00:00,24,11,4,2025,0,False,False
DemaReal,Demanda Real por Sistema,2025-10-27T00:00:00,2025-11-26T00:00:00,0,8889618.36,Sistema,2025-11-25 00:00:00,25,11,4,2025,1,False,False
DemaReal,Demanda Real por Sistema,2025-10-27T00:00:00,2025-11-26T00:00:00,1,8557779.28,Sistema,2025-11-25 01:00:00,25,11,4,2025,1,False,False
DemaReal,Demanda Real por Sistema,2025-10-27T00:00:00,2025-11-26T00:00:00,2,8353336.06,Sistema,2025-11-25 02:00:00,25,11,4,2025,1,False,False
DemaReal,Demanda Real por Sistema,2025-10-27T00:00:00,2025-11-26T00:00:00,3,8289896.16,Sistema,2025-11-25 03:00:00,25,11,4,2025,1,False,False
DemaReal,Demanda Real por Sistema,2025-10-27T00:00:00,2025-11-26T00:00:00,4,8444467.58,Sistema,2025-11-25 04:00:00,25,11,4,2025,1,False,False
DemaReal,Demanda Real por Sistema,2025-10-27T00:00:00,2025-11-26T00:00:00,5,8782453.3,Sistema,2025-11-25 05:00:00,25,11,4,2025,1,False,False
DemaReal,Demanda Real por Sistema,2025-10-27T00:00:00,2025-11-26T00:00:00,6,9055622.68,Sistema,2025-11-25 06:00:00,25,11,4,2025,1,False,False
DemaReal,Demanda Real por Sistema,2025-10-27T00:00:00,2025-11-26T00:00:00,7,9601271.14,Sistema,2025-11-25 07:00:00,25,11,4,2025,1,False,False
DemaReal,Demanda Real por Sistema,2025-10-27T00:00:00,2025-11-26T00:00:00,8,9993663.85,Sistema,2025-11-25 08:00:00,25,11,4,2025,1,False,False
DemaReal,Demanda Real por Sistema,2025-10-27T00:00:00,2025-11-26T00:00:00,9,10288276.17,Sistema,2025-11-25 09:00:00,25,11,4,2025,1,False,False
DemaReal,Demanda Real por Sistema,2025-10-27T00:00:00,2025-11-26T00:00:00,10,10584665.62,Sistema,2025-11-25 10:00:00,25,11,4,2025,1,False,False
DemaReal,Demanda Real por Sistema,2025-10-27T00:00:00,2025-11-26T00:00:00,11,10883930.44,Sistema,2025-11-25 11:00:00,25,11,4,2025,1,False,False
DemaReal,Demanda Real por Sistema,2025-10-27T00:00:00,2025-11-26T00:00:00,12,10830660.19,Sistema,2025-11-25 12:00:00,25,11,4,2025,1,False,False
DemaReal,Demanda Real por Sistema,2025-10-27T00:00:00,2025-11-26T00:00:00,13,10975890.21,Sistema,2025-11-25 13:00:00,25,11,4,2025,1,False,False
DemaReal,Demanda Real por Sistema,2025-10-27T00:00:00,2025-11-26T00:00:00,14,11193770.76,Sistema,2025-11-25 14:00:00,25,11,4,2025,1,False,False
DemaReal,Demanda Real por Sistema,2025-10-27T00:00:00,2025-11-26T00:00:00,15,11226772.61,Sistema,2025-11-25 15:00:00,25,11,4,2025,1,False,False
DemaReal,Demanda Real por Sistema,2025-10-27T00:00:00,2025-11-26T00:00:00,16,11131050.81,Sistema,2025-11-25 16:00:00,25,11,4,2025,1,False,False
DemaReal,Demanda Real por Sistema,2025-10-27T00:00:00,2025-11-26T00:00:00,17,11118573.64,Sistema,2025-11-25 17:00:00,25,11,4,2025,1,False,False
DemaReal,Demanda Real por Sistema,2025-10-27T00:00:00,2025-11-26T00:00:00,18,11624791.94,Sistema,2025-11-25 18:00:00,25,11,4,2025,1,False,False
DemaReal,Demanda Real por Sistema,2025-10-27T00:00:00,2025-11-26T00:00:00,19,11584665.65,Sistema,2025-11-25 19:00:00,25,11,4,2025,1,False,False
DemaReal,Demanda Real por Sistema,2025-10-27T00:00:00,2025-11-26T00:00:00,20,11336795.38,Sistema,2025-11-25 20:00:00,25,11,4,2025,1,False,False
DemaReal,Demanda Real por Sistema,2025-10-27T00:00:00,2025-11-26T00:00:00,21,10818214.56,Sistema,2025-11-25 21:00:00,25,11,4,2025,1,False,False
DemaReal,Demanda Real por Sistema,2025-10-27T00:00:00,2025-11-26T00:00:00,22,10185705.43,Sistema,2025-11-25 22:00:00,25,11,4,2025,1,False,False
DemaReal,Demanda Real por Sistema,2025-10-27T00:00:00,2025-11-26T00:00:00,23,9598278.73,Sistema,2025-11-25 23:00:00,25,11,4,2025,1,False,False
DemaReal,Demanda Real por Sistema,2025-10-27T00:00:00,2025-11-26T00:00:00,0,9077225.31,Sistema,2025-11-26 00:00:00,26,11,4,2025,2,False,False
DemaReal,Demanda Real por Sistema,2025-10-27T00:00:00,2025-11-26T00:00:00,1,8774033.89,Sistema,2025-11-26 01:00:00,26,11,4,2025,2,False,False
DemaReal,Demanda Real por Sistema,2025-10-27T00:00:00,2025-11-26T00:00:00,2,8548874.45,Sistema,2025-11-26 02:00:00,26,11,4,2025,2,False,False
DemaReal,Demanda Real por Sistema,2025-10-27T00:00:00,2025-11-26T00:00:00,3,8465938.94,Sistema,2025-11-26 03:00:00,26,11,4,2025,2,False,False
DemaReal,Demanda Real por Sistema,2025-10-27T00:00:00,2025-11-26T00:00:00,4,8582876.15,Sistema,2025-11-26 04:00:00,26,11,4,2025,2,False,False
DemaReal,Demanda Real por Sistema,2025-10-27T00:00:00,2025-11-26T00:00:00,5,8879518.7,Sistema,2025-11-26 05:00:00,26,11,4,2025,2,False,False
DemaReal,Demanda Real por Sistema,2025-10-27T00:00:00,2025-11-26T00:00:00,6,9174859.7,Sistema,2025-11-26 06:00:00,26,11,4,2025,2,False,False
DemaReal,Demanda Real por Sistema,2025-10-27T00:00:00,2025-11-26T00:00:00,7,9641013.73,Sistema,2025-11-26 07:00:00,26,11,4,2025,2,False,False
DemaReal,Demanda Real por Sistema,2025-10-27T00:00:00,2025-11-26T00:00:00,8,10078448.53,Sistema,2025-11-26 08:00:00,26,11,4,2025,2,False,False
DemaReal,Demanda Real por Sistema,2025-10-27T00:00:00,2025-11-26T00:00:00,9,10369395.91,Sistema,2025-11-26 09:00:00,26,11,4,2025,2,False,False
DemaReal,Demanda Real por Sistema,2025-10-27T00:00:00,2025-11-26T00:00:00,10,10700271.33,Sistema,2025-11-26 10:00:00,26,11,4,2025,2,False,False
DemaReal,Demanda Real por Sistema,2025-10-27T00:00:00,2025-11-26T00:00:00,11,11036424.01,Sistema,2025-11-26 11:00:00,26,11,4,2025,2,False,False
DemaReal,Demanda Real por Sistema,2025-10-27T00:00:00,2025-11-26T00:00:00,12,10986015.47,Sistema,2025-11-26 12:00:00,26,11,4,2025,2,False,False
DemaReal,Demanda Real por Sistema,2025-10-27T00:00:00,2025-11-26T00:00:00,13,11084380.01,Sistema,2025-11-26 13:00:00,26,11,4,2025,2,False,False
DemaReal,Demanda Real por Sistema,2025-10-27T00:00:00,2025-11-26T00:00:00,14,11312906.56,Sistema,2025-11-26 14:00:00,26,11,4,2025,2,False,False
DemaReal,Demanda Real por Sistema,2025-10-27T00:00:00,2025-11-26T00:00:00,15,11385326.05,Sistema,2025-11-26 15:00:00,26,11,4,2025,2,False,False
DemaReal,Demanda Real por Sistema,2025-10-27T00:00:00,2025-11-26T00:00:00,16,11173709.03,Sistema,2025-11-26 16:00:00,26,11,4,2025,2,False,False
DemaReal,Demanda Real por Sistema,2025-10-27T00:00:00,2025-11-26T00:00:00,17,11098058.46,Sistema,2025-11-26 17:00:00,26,11,4,2025,2,False,False
DemaReal,Demanda Real por Sistema,2025-10-27T00:00:00,2025-11-26T00:00:00,18,11662082.81,Sistema,2025-11-26 18:00:00,26,11,4,2025,2,False,False
DemaReal,Demanda Real por Sistema,2025-10-27T00:00:00,2025-11-26T00:00:00,19,11582008.15,Sistema,2025-11-26 19:00:00,26,11,4,2025,2,False,False
DemaReal,Demanda Real por Sistema,2025-10-27T00:00:00,2025-11-26T00:00:00,20,11383050.34,Sistema,2025-11-26 20:00:00,26,11,4,2025,2,False,False
DemaReal,Demanda Real por Sistema,2025-10-27T00:00:00,2025-11-26T00:00:00,21,10932189.53,Sistema,2025-11-26 21:00:00,26,11,4,2025,2,False,False
DemaReal,Demanda Real por Sistema,2025-10-27T00:00:00,2025-11-26T00:00:00,22,10268978.83,Sistema,2025-11-26 22:00:00,26,11,4,2025,2,False,False
DemaReal,Demanda Real por Sistema,2025-10-27T00:00:00,2025-11-26T00:00:00,23,9663300.43,Sistema,2025-11-26 23:00:00,26,11,4,2025,2,False,False
DemaReal,Demanda Real por Sistema,2025-11-27T00:00:00,2025-12-27T00:00:00,0,9189178.3,Sistema,2025-11-27 00:00:00,27,11,4,2025,3,False,False
DemaReal,Demanda Real por Sistema,2025-11-27T00:00:00,2025-12-27T00:00:00,1,8856704.85,Sistema,2025-11-27 01:00:00,27,11,4,2025,3,False,False
DemaReal,Demanda Real por Sistema,2025-11-27T00:00:00,2025-12-27T00:00:00,2,8628379.23,Sistema,2025-11-27 02:00:00,27,11,4,2025,3,False,False
DemaReal,Demanda Real por Sistema,2025-11-27T00:00:00,2025-12-27T00:00:00,3,8515594.83,Sistema,2025-11-27 03:00:00,27,11,4,2025,3,False,False
DemaReal,Demanda Real por Sistema,2025-11-27T00:00:00,2025-12-27T00:00:00,4,8622955.92,Sistema,2025-11-27 04:00:00,27,11,4,2025,3,False,False
DemaReal,Demanda Real por Sistema,2025-11-27T00:00:00,2025-12-27T00:00:00,5,8852273.75,Sistema,2025-11-27 05:00:00,27,11,4,2025,3,False,False
DemaReal,Demanda Real por Sistema,2025-11-27T00:00:00,2025-12-27T00:00:00,6,9158048.93,Sistema,2025-11-27 06:00:00,27,11,4,2025,3,False,False
DemaReal,Demanda Real por Sistema,2025-11-27T00:00:00,2025-12-27T00:00:00,7,9621808.14,Sistema,2025-11-27 07:00:00,27,11,4,2025,3,False,False
DemaReal,Demanda Real por Sistema,2025-11-27T00:00:00,2025-12-27T00:00:00,8,10065232.89,Sistema,2025-11-27 08:00:00,27,11,4,2025,3,False,False
DemaReal,Demanda Real por Sistema,2025-11-27T00:00:00,2025-12-27T00:00:00,9,10388120.0,Sistema,2025-11-27 09:00:00,27,11,4,2025,3,False,False
DemaReal,Demanda Real por Sistema,2025-11-27T00:00:00,2025-12-27T00:00:00,10,10794644.43,Sistema,2025-11-27 10:00:00,27,11,4,2025,3,False,False
DemaReal,Demanda Real por Sistema,2025-11-27T00:00:00,2025-12-27T00:00:00,11,11064885.03,Sistema,2025-11-27 11:00:00,27,11,4,2025,3,False,False
DemaReal,Demanda Real por Sistema,2025-11-27T00:00:00,2025-12-27T00:00:00,12,11069236.58,Sistema,2025-11-27 12:00:00,27,11,4,2025,3,False,False
DemaReal,Demanda Real por Sistema,2025-11-27T00:00:00,2025-12-27T00:00:00,13,11118464.83,Sistema,2025-11-27 13:00:00,27,11,4,2025,3,False,False
DemaReal,Demanda Real por Sistema,2025-11-27T00:00:00,2025-12-27T00:00:00,14,11220111.44,Sistema,2025-11-27 14:00:00,27,11,4,2025,3,False,False
DemaReal,Demanda Real por Sistema,2025-11-27T00:00:00,2025-12-27T00:00:00,15,11240132.02,Sistema,2025-11-27 15:00:00,27,11,4,2025,3,False,False
DemaReal,Demanda Real por Sistema,2025-11-27T00:00:00,2025-12-27T00:00:00,16,11115719.95,Sistema,2025-11-27 16:00:00,27,11,4,2025,3,False,False
DemaReal,Demanda Real por Sistema,2025-11-27T00:00:00,2025-12-27T00:00:00,17,11172365.81,Sistema,2025-11-27 17:00:00,27,11,4,2025,3,False,False
DemaReal,Demanda Real por Sistema,2025-11-27T00:00:00,2025-12-27T00:00:00,18,11555773.7,Sistema,2025-11-27 18:00:00,27,11,4,2025,3,False,False
DemaReal,Demanda Real por Sistema,2025-11-27T00:00:00,2025-12-27T00:00:00,19,11467343.74,Sistema,2025-11-27 19:00:00,27,11,4,2025,3,False,False
DemaReal,Demanda Real por Sistema,2025-11-27T00:00:00,2025-12-27T00:00:00,20,11225265.52,Sistema,2025-11-27 20:00:00,27,11,4,2025,3,False,False
DemaReal,Demanda Real por Sistema,2025-11-27T00:00:00,2025-12-27T00:00:00,21,10724356.78,Sistema,2025-11-27 21:00:00,27,11,4,2025,3,False,False
DemaReal,Demanda Real por Sistema,2025-11-27T00:00:00,2025-12-27T00:00:00,22,10108342.72,Sistema,2025-11-27 22:00:00,27,11,4,2025,3,False,False
DemaReal,Demanda Real por Sistema,2025-11-27T00:00:00,2025-12-27T00:00:00,23,9501244.39,Sistema,2025-11-27 23:00:00,27,11,4,2025,3,False,False
DemaReal,Demanda Real por Sistema,2025-11-27T00:00:00,2025-12-27T00:00:00,0,8999792.77,Sistema,2025-11-28 00:00:00,28,11,4,2025,4,False,False
DemaReal,Demanda Real por Sistema,2025-11-27T00:00:00,2025-12-27T00:00:00,1,8702433.94,Sistema,2025-11-28 01:00:00,28,11,4,2025,4,False,False
DemaReal,Demanda Real por Sistema,2025-11-27T00:00:00,2025-12-27T00:00:00,2,8472110.84,Sistema,2025-11-28 02:00:00,28,11,4,2025,4,False,False
DemaReal,Demanda Real por Sistema,2025-11-27T00:00:00,2025-12-27T00:00:00,3,8370095.72,Sistema,2025-11-28 03:00:00,28,11,4,2025,4,False,False
DemaReal,Demanda Real por Sistema,2025-11-27T00:00:00,2025-12-27T00:00:00,4,8477069.0,Sistema,2025-11-28 04:00:00,28,11,4,2025,4,False,False
DemaReal,Demanda Real por Sistema,2025-11-27T00:00:00,2025-12-27T00:00:00,5,8776104.3,Sistema,2025-11-28 05:00:00,28,11,4,2025,4,False,False
DemaReal,Demanda Real por Sistema,2025-11-27T00:00:00,2025-12-27T00:00:00,6,9036029.68,Sistema,2025-11-28 06:00:00,28,11,4,2025,4,False,False
DemaReal,Demanda Real por Sistema,2025-11-27T00:00:00,2025-12-27T00:00:00,7,9522849.89,Sistema,2025-11-28 07:00:00,28,11,4,2025,4,False,False
DemaReal,Demanda Real por Sistema,2025-11-27T00:00:00,2025-12-27T00:00:00,8,10033831.2,Sistema,2025-11-28 08:00:00,28,11,4,2025,4,False,False
DemaReal,Demanda Real por Sistema,2025-11-27T00:00:00,2025-12-27T00:00:00,9,10288463.53,Sistema,2025-11-28 09:00:00,28,11,4,2025,4,False,False
DemaReal,Demanda Real por Sistema,2025-11-27T00:00:00,2025-12-27T00:00:00,10,10502031.07,Sistema,2025-11-28 10:00:00,28,11,4,2025,4,False,False
DemaReal,Demanda Real por Sistema,2025-11-27T00:00:00,2025-12-27T00:00:00,11,10690566.66,Sistema,2025-11-28 11:00:00,28,11,4,2025,4,False,False
DemaReal,Demanda Real por Sistema,2025-11-27T00:00:00,2025-12-27T00:00:00,12,10515333.28,Sistema,2025-11-28 12:00:00,28,11,4,2025,4,False,False
DemaReal,Demanda Real por Sistema,2025-11-27T00:00:00,2025-12-27T00:00:00,13,10489240.55,Sistema,2025-11-28 13:00:00,28,11,4,2025,4,False,False
DemaReal,Demanda Real por Sistema,2025-11-27T00:00:00,2025-12-27T00:00:00,14,10542879.57,Sistema,2025-11-28 14:00:00,28,11,4,2025,4,False,False
DemaReal,Demanda Real por Sistema,2025-11-27T00:00:00,2025-12-27T00:00:00,15,10525502.84,Sistema,2025-11-28 15:00:00,28,11,4,2025,4,False,False
DemaReal,Demanda Real por Sistema,2025-11-27T00:00:00,2025-12-27T00:00:00,16,10488468.17,Sistema,2025-11-28 16:00:00,28,11,4,2025,4,False,False
DemaReal,Demanda Real por Sistema,2025-11-27T00:00:00,2025-12-27T00:00:00,17,10610403.98,Sistema,2025-11-28 17:00:00,28,11,4,2025,4,False,False
DemaReal,Demanda Real por Sistema,2025-11-27T00:00:00,2025-12-27T00:00:00,18,11032966.97,Sistema,2025-11-28 18:00:00,28,11,4,2025,4,False,False
DemaReal,Demanda Real por Sistema,2025-11-27T00:00:00,2025-12-27T00:00:00,19,10852296.65,Sistema,2025-11-28 19:00:00,28,11,4,2025,4,False,False
DemaReal,Demanda Real por Sistema,2025-11-27T00:00:00,2025-12-27T00:00:00,20,10598575.67,Sistema,2025-11-28 20:00:00,28,11,4,2025,4,False,False
DemaReal,Demanda Real por Sistema,2025-11-27T00:00:00,2025-12-27T00:00:00,21,10156029.91,Sistema,2025-11-28 21:00:00,28,11,4,2025,4,False,False
DemaReal,Demanda Real por Sistema,2025-11-27T00:00:00,2025-12-27T00:00:00,22,9551828.66,Sistema,2025-11-28 22:00:00,28,11,4,2025,4,False,False
DemaReal,Demanda Real por Sistema,2025-11-27T00:00:00,2025-12-27T00:00:00,23,9030475.6,Sistema,2025-11-28 23:00:00,28,11,4,2025,4,False,False
DemaReal,Demanda Real por Sistema,2025-11-27T00:00:00,2025-12-27T00:00:00,0,8516999.08,Sistema,2025-11-29 00:00:00,29,11,4,2025,5,False,True
DemaReal,Demanda Real por Sistema,2025-11-27T00:00:00,2025-12-27T00:00:00,1,8256956.82,Sistema,2025-11-29 01:00:00,29,11,4,2025,5,False,True
DemaReal,Demanda Real por Sistema,2025-11-27T00:00:00,2025-12-27T00:00:00,2,8033346.27,Sistema,2025-11-29 02:00:00,29,11,4,2025,5,False,True
DemaReal,Demanda Real por Sistema,2025-11-27T00:00:00,2025-12-27T00:00:00,3,7873351.31,Sistema,2025-11-29 03:00:00,29,11,4,2025,5,False,True
DemaReal,Demanda Real por Sistema,2025-11-27T00:00:00,2025-12-27T00:00:00,4,7895067.58,Sistema,2025-11-29 04:00:00,29,11,4,2025,5,False,True
DemaReal,Demanda Real por Sistema,2025-11-27T00:00:00,2025-12-27T00:00:00,5,7991898.78,Sistema,2025-11-29 05:00:00,29,11,4,2025,5,False,True
DemaReal,Demanda Real por Sistema,2025-11-27T00:00:00,2025-12-27T00:00:00,6,8181571.19,Sistema,2025-11-29 06:00:00,29,11,4,2025,5,False,True
DemaReal,Demanda Real por Sistema,2025-11-27T00:00:00,2025-12-27T00:00:00,7,8637827.06,Sistema,2025-11-29 07:00:00,29,11,4,2025,5,False,True
DemaReal,Demanda Real por Sistema,2025-11-27T00:00:00,2025-12-27T00:00:00,8,9080407.72,Sistema,2025-11-29 08:00:00,29,11,4,2025,5,False,True
DemaReal,Demanda Real por Sistema,2025-11-27T00:00:00,2025-12-27T00:00:00,9,9379118.49,Sistema,2025-11-29 09:00:00,29,11,4,2025,5,False,True
DemaReal,Demanda Real por Sistema,2025-11-27T00:00:00,2025-12-27T00:00:00,10,9639549.45,Sistema,2025-11-29 10:00:00,29,11,4,2025,5,False,True
DemaReal,Demanda Real por Sistema,2025-11-27T00:00:00,2025-12-27T00:00:00,11,9803467.23,Sistema,2025-11-29 11:00:00,29,11,4,2025,5,False,True
DemaReal,Demanda Real por Sistema,2025-11-27T00:00:00,2025-12-27T00:00:00,12,9705942.5,Sistema,2025-11-29 12:00:00,29,11,4,2025,5,False,True
DemaReal,Demanda Real por Sistema,2025-11-27T00:00:00,2025-12-27T00:00:00,13,9595597.74,Sistema,2025-11-29 13:00:00,29,11,4,2025,5,False,True
DemaReal,Demanda Real por Sistema,2025-11-27T00:00:00,2025-12-27T00:00:00,14,9494356.42,Sistema,2025-11-29 14:00:00,29,11,4,2025,5,False,True
DemaReal,Demanda Real por Sistema,2025-11-27T00:00:00,2025-12-27T00:00:00,15,9484255.62,Sistema,2025-11-29 15:00:00,29,11,4,2025,5,False,True
DemaReal,Demanda Real por Sistema,2025-11-27T00:00:00,2025-12-27T00:00:00,16,9559847.99,Sistema,2025-11-29 16:00:00,29,11,4,2025,5,False,True
DemaReal,Demanda Real por Sistema,2025-11-27T00:00:00,2025-12-27T00:00:00,17,9821445.7,Sistema,2025-11-29 17:00:00,29,11,4,2025,5,False,True
DemaReal,Demanda Real por Sistema,2025-11-27T00:00:00,2025-12-27T00:00:00,18,10412963.58,Sistema,2025-11-29 18:00:00,29,11,4,2025,5,False,True
DemaReal,Demanda Real por Sistema,2025-11-27T00:00:00,2025-12-27T00:00:00,19,10291872.71,Sistema,2025-11-29 19:00:00,29,11,4,2025,5,False,True
DemaReal,Demanda Real por Sistema,2025-11-27T00:00:00,2025-12-27T00:00:00,20,10044886.54,Sistema,2025-11-29 20:00:00,29,11,4,2025,5,False,True
DemaReal,Demanda Real por Sistema,2025-11-27T00:00:00,2025-12-27T00:00:00,21,9638593.27,Sistema,2025-11-29 21:00:00,29,11,4,2025,5,False,True
DemaReal,Demanda Real por Sistema,2025-11-27T00:00:00,2025-12-27T00:00:00,22,9180519.7,Sistema,2025-11-29 22:00:00,29,11,4,2025,5,False,True
DemaReal,Demanda Real por Sistema,2025-11-27T00:00:00,2025-12-27T00:00:00,23,8754168.3,Sistema,2025-11-29 23:00:00,29,11,4,2025,5,False,True
DemaReal,Demanda Real por Sistema,2025-11-27T00:00:00,2025-12-27T00:00:00,0,8375516.0,Sistema,2025-11-30 00:00:00,30,11,4,2025,6,False,True
DemaReal,Demanda Real por Sistema,2025-11-27T00:00:00,2025-12-27T00:00:00,1,8028427.49,Sistema,2025-11-30 01:00:00,30,11,4,2025,6,False,True
DemaReal,Demanda Real por Sistema,2025-11-27T00:00:00,2025-12-27T00:00:00,2,7814875.99,Sistema,2025-11-30 02:00:00,30,11,4,2025,6,False,True
DemaReal,Demanda Real por Sistema,2025-11-27T00:00:00,2025-12-27T00:00:00,3,7645089.73,Sistema,2025-11-30 03:00:00,30,11,4,2025,6,False,True
DemaReal,Demanda Real por Sistema,2025-11-27T00:00:00,2025-12-27T00:00:00,4,7620628.44,Sistema,2025-11-30 04:00:00,30,11,4,2025,6,False,True
DemaReal,Demanda Real por Sistema,2025-11-27T00:00:00,2025-12-27T00:00:00,5,7542652.7,Sistema,2025-11-30 05:00:00,30,11,4,2025,6,False,True
DemaReal,Demanda Real por Sistema,2025-11-27T00:00:00,2025-12-27T00:00:00,6,7458107.57,Sistema,2025-11-30 06:00:00,30,11,4,2025,6,False,True
DemaReal,Demanda Real por Sistema,2025-11-27T00:00:00,2025-12-27T00:00:00,7,7693469.85,Sistema,2025-11-30 07:00:00,30,11,4,2025,6,False,True
DemaReal,Demanda Real por Sistema,2025-11-27T00:00:00,2025-12-27T00:00:00,8,7966502.98,Sistema,2025-11-30 08:00:00,30,11,4,2025,6,False,True
DemaReal,Demanda Real por Sistema,2025-11-27T00:00:00,2025-12-27T00:00:00,9,8203983.59,Sistema,2025-11-30 09:00:00,30,11,4,2025,6,False,True
DemaReal,Demanda Real por Sistema,2025-11-27T00:00:00,2025-12-27T00:00:00,10,8560501.02,Sistema,2025-11-30 10:00:00,30,11,4,2025,6,False,True
DemaReal,Demanda Real por Sistema,2025-11-27T00:00:00,2025-12-27T00:00:00,11,8776471.21,Sistema,2025-11-30 11:00:00,30,11,4,2025,6,False,True
DemaReal,Demanda Real por Sistema,2025-11-27T00:00:00,2025-12-27T00:00:00,12,8870870.2,Sistema,2025-11-30 12:00:00,30,11,4,2025,6,False,True
DemaReal,Demanda Real por Sistema,2025-11-27T00:00:00,2025-12-27T00:00:00,13,8873735.72,Sistema,2025-11-30 13:00:00,30,11,4,2025,6,False,True
DemaReal,Demanda Real por Sistema,2025-11-27T00:00:00,2025-12-27T00:00:00,14,8819211.19,Sistema,2025-11-30 14:00:00,30,11,4,2025,6,False,True
DemaReal,Demanda Real por Sistema,2025-11-27T00:00:00,2025-12-27T00:00:00,15,8822303.93,Sistema,2025-11-30 15:00:00,30,11,4,2025,6,False,True
DemaReal,Demanda Real por Sistema,2025-11-27T00:00:00,2025-12-27T00:00:00,16,8909416.74,Sistema,2025-11-30 16:00:00,30,11,4,2025,6,False,True
DemaReal,Demanda Real por Sistema,2025-11-27T00:00:00,2025-12-27T00:00:00,17,9209932.49,Sistema,2025-11-30 17:00:00,30,11,4,2025,6,False,True
DemaReal,Demanda Real por Sistema,2025-11-27T00:00:00,2025-12-27T00:00:00,18,9984131.27,Sistema,2025-11-30 18:00:00,30,11,4,2025,6,False,True
DemaReal,Demanda Real por Sistema,2025-11-27T00:00:00,2025-12-27T00:00:00,19,9997273.13,Sistema,2025-11-30 19:00:00,30,11,4,2025,6,False,True
DemaReal,Demanda Real por Sistema,2025-11-27T00:00:00,2025-12-27T00:00:00,20,9841655.89,Sistema,2025-11-30 20:00:00,30,11,4,2025,6,False,True
DemaReal,Demanda Real por Sistema,2025-11-27T00:00:00,2025-12-27T00:00:00,21,9530081.42,Sistema,2025-11-30 21:00:00,30,11,4,2025,6,False,True
DemaReal,Demanda Real por Sistema,2025-11-27T00:00:00,2025-12-27T00:00:00,22,9119853.1,Sistema,2025-11-30 22:00:00,30,11,4,2025,6,False,True
DemaReal,Demanda Real por Sistema,2025-11-27T00:00:00,2025-12-27T00:00:00,23,8657890.44,Sistema,2025-11-30 23:00:00,30,11,4,2025,6,False,True
DemaReal,Demanda Real por Sistema,2025-11-27T00:00:00,2025-12-27T00:00:00,0,8295021.34,Sistema,2025-12-01 00:00:00,1,12,4,2025,0,False,False
DemaReal,Demanda Real por Sistema,2025-11-27T00:00:00,2025-12-27T00:00:00,1,8040665.7,Sistema,2025-12-01 01:00:00,1,12,4,2025,0,False,False
DemaReal,Demanda Real por Sistema,2025-11-27T00:00:00,2025-12-27T00:00:00,2,7834585.99,Sistema,2025-12-01 02:00:00,1,12,4,2025,0,False,False
DemaReal,Demanda Real por Sistema,2025-11-27T00:00:00,2025-12-27T00:00:00,3,7692680.43,Sistema,2025-12-01 03:00:00,1,12,4,2025,0,False,False
DemaReal,Demanda Real por Sistema,2025-11-27T00:00:00,2025-12-27T00:00:00,4,7855825.33,Sistema,2025-12-01 04:00:00,1,12,4,2025,0,False,False
DemaReal,Demanda Real por Sistema,2025-11-27T00:00:00,2025-12-27T00:00:00,5,8171997.85,Sistema,2025-12-01 05:00:00,1,12,4,2025,0,False,False
DemaReal,Demanda Real por Sistema,2025-11-27T00:00:00,2025-12-27T00:00:00,6,8459835.6,Sistema,2025-12-01 06:00:00,1,12,4,2025,0,False,False
DemaReal,Demanda Real por Sistema,2025-11-27T00:00:00,2025-12-27T00:00:00,7,9019990.76,Sistema,2025-12-01 07:00:00,1,12,4,2025,0,False,False
DemaReal,Demanda Real por Sistema,2025-11-27T00:00:00,2025-12-27T00:00:00,8,9497308.4,Sistema,2025-12-01 08:00:00,1,12,4,2025,0,False,False
DemaReal,Demanda Real por Sistema,2025-11-27T00:00:00,2025-12-27T00:00:00,9,9820368.87,Sistema,2025-12-01 09:00:00,1,12,4,2025,0,False,False
DemaReal,Demanda Real por Sistema,2025-11-27T00:00:00,2025-12-27T00:00:00,10,10091925.88,Sistema,2025-12-01 10:00:00,1,12,4,2025,0,False,False
DemaReal,Demanda Real por Sistema,2025-11-27T00:00:00,2025-12-27T00:00:00,11,10408052.16,Sistema,2025-12-01 11:00:00,1,12,4,2025,0,False,False
DemaReal,Demanda Real por Sistema,2025-11-27T00:00:00,2025-12-27T00:00:00,12,10352725.11,Sistema,2025-12-01 12:00:00,1,12,4,2025,0,False,False
DemaReal,Demanda Real por Sistema,2025-11-27T00:00:00,2025-12-27T00:00:00,13,10413985.99,Sistema,2025-12-01 13:00:00,1,12,4,2025,0,False,False
DemaReal,Demanda Real por Sistema,2025-11-27T00:00:00,2025-12-27T00:00:00,14,10555628.59,Sistema,2025-12-01 14:00:00,1,12,4,2025,0,False,False
DemaReal,Demanda Real por Sistema,2025-11-27T00:00:00,2025-12-27T00:00:00,15,10587424.58,Sistema,2025-12-01 15:00:00,1,12,4,2025,0,False,False
DemaReal,Demanda Real por Sistema,2025-11-27T00:00:00,2025-12-27T00:00:00,16,10429444.37,Sistema,2025-12-01 16:00:00,1,12,4,2025,0,False,False
DemaReal,Demanda Real por Sistema,2025-11-27T00:00:00,2025-12-27T00:00:00,17,10508951.49,Sistema,2025-12-01 17:00:00,1,12,4,2025,0,False,False
DemaReal,Demanda Real por Sistema,2025-11-27T00:00:00,2025-12-27T00:00:00,18,10939764.86,Sistema,2025-12-01 18:00:00,1,12,4,2025,0,False,False
DemaReal,Demanda Real por Sistema,2025-11-27T00:00:00,2025-12-27T00:00:00,19,10891899.26,Sistema,2025-12-01 19:00:00,1,12,4,2025,0,False,False
DemaReal,Demanda Real por Sistema,2025-11-27T00:00:00,2025-12-27T00:00:00,20,10667219.76,Sistema,2025-12-01 20:00:00,1,12,4,2025,0,False,False
DemaReal,Demanda Real por Sistema,2025-11-27T00:00:00,2025-12-27T00:00:00,21,10192751.24,Sistema,2025-12-01 21:00:00,1,12,4,2025,0,False,False
DemaReal,Demanda Real por Sistema,2025-11-27T00:00:00,2025-12-27T00:00:00,22,9529173.2,Sistema,2025-12-01 22:00:00,1,12,4,2025,0,False,False
DemaReal,Demanda Real por Sistema,2025-11-27T00:00:00,2025-12-27T00:00:00,23,8968265.82,Sistema,2025-12-01 23:00:00,1,12,4,2025,0,False,False
DemaReal,Demanda Real por Sistema,2025-11-27T00:00:00,2025-12-27T00:00:00,0,8500123.91,Sistema,2025-12-02 00:00:00,2,12,4,2025,1,False,False
DemaReal,Demanda Real por Sistema,2025-11-27T00:00:00,2025-12-27T00:00:00,1,8228403.79,Sistema,2025-12-02 01:00:00,2,12,4,2025,1,False,False
DemaReal,Demanda Real por Sistema,2025-11-27T00:00:00,2025-12-27T00:00:00,2,8034774.51,Sistema,2025-12-02 02:00:00,2,12,4,2025,1,False,False
DemaReal,Demanda Real por Sistema,2025-11-27T00:00:00,2025-12-27T00:00:00,3,7923113.72,Sistema,2025-12-02 03:00:00,2,12,4,2025,1,False,False
DemaReal,Demanda Real por Sistema,2025-11-27T00:00:00,2025-12-27T00:00:00,4,8082021.07,Sistema,2025-12-02 04:00:00,2,12,4,2025,1,False,False
DemaReal,Demanda Real por Sistema,2025-11-27T00:00:00,2025-12-27T00:00:00,5,8387137.07,Sistema,2025-12-02 05:00:00,2,12,4,2025,1,False,False
DemaReal,Demanda Real por Sistema,2025-11-27T00:00:00,2025-12-27T00:00:00,6,8688307.0,Sistema,2025-12-02 06:00:00,2,12,4,2025,1,False,False
DemaReal,Demanda Real por Sistema,2025-11-27T00:00:00,2025-12-27T00:00:00,7,9258936.53,Sistema,2025-12-02 07:00:00,2,12,4,2025,1,False,False
DemaReal,Demanda Real por Sistema,2025-11-27T00:00:00,2025-12-27T00:00:00,8,9668483.87,Sistema,2025-12-02 08:00:00,2,12,4,2025,1,False,False
DemaReal,Demanda Real por Sistema,2025-11-27T00:00:00,2025-12-27T00:00:00,9,9900992.59,Sistema,2025-12-02 09:00:00,2,12,4,2025,1,False,False
DemaReal,Demanda Real por Sistema,2025-11-27T00:00:00,2025-12-27T00:00:00,10,10203962.02,Sistema,2025-12-02 10:00:00,2,12,4,2025,1,False,False
DemaReal,Demanda Real por Sistema,2025-11-27T00:00:00,2025-12-27T00:00:00,11,10464308.84,Sistema,2025-12-02 11:00:00,2,12,4,2025,1,False,False
DemaReal,Demanda Real por Sistema,2025-11-27T00:00:00,2025-12-27T00:00:00,12,10533005.66,Sistema,2025-12-02 12:00:00,2,12,4,2025,1,False,False
DemaReal,Demanda Real por Sistema,2025-11-27T00:00:00,2025-12-27T00:00:00,13,10580985.21,Sistema,2025-12-02 13:00:00,2,12,4,2025,1,False,False
DemaReal,Demanda Real por Sistema,2025-11-27T00:00:00,2025-12-27T00:00:00,14,10752895.5,Sistema,2025-12-02 14:00:00,2,12,4,2025,1,False,False
DemaReal,Demanda Real por Sistema,2025-11-27T00:00:00,2025-12-27T00:00:00,15,10800212.47,Sistema,2025-12-02 15:00:00,2,12,4,2025,1,False,False
DemaReal,Demanda Real por Sistema,2025-11-27T00:00:00,2025-12-27T00:00:00,16,10696285.78,Sistema,2025-12-02 16:00:00,2,12,4,2025,1,False,False
DemaReal,Demanda Real por Sistema,2025-11-27T00:00:00,2025-12-27T00:00:00,17,10755470.7,Sistema,2025-12-02 17:00:00,2,12,4,2025,1,False,False
DemaReal,Demanda Real por Sistema,2025-11-27T00:00:00,2025-12-27T00:00:00,18,11287898.14,Sistema,2025-12-02 18:00:00,2,12,4,2025,1,False,False
DemaReal,Demanda Real por Sistema,2025-11-27T00:00:00,2025-12-27T00:00:00,19,11237239.02,Sistema,2025-12-02 19:00:00,2,12,4,2025,1,False,False
DemaReal,Demanda Real por Sistema,2025-11-27T00:00:00,2025-12-27T00:00:00,20,10949417.88,Sistema,2025-12-02 20:00:00,2,12,4,2025,1,False,False
DemaReal,Demanda Real por Sistema,2025-11-27T00:00:00,2025-12-27T00:00:00,21,10429468.96,Sistema,2025-12-02 21:00:00,2,12,4,2025,1,False,False
DemaReal,Demanda Real por Sistema,2025-11-27T00:00:00,2025-12-27T00:00:00,22,9820232.84,Sistema,2025-12-02 22:00:00,2,12,4,2025,1,False,False
DemaReal,Demanda Real por Sistema,2025-11-27T00:00:00,2025-12-27T00:00:00,23,9216790.3,Sistema,2025-12-02 23:00:00,2,12,4,2025,1,False,False
DemaReal,Demanda Real por Sistema,2025-11-27T00:00:00,2025-12-27T00:00:00,0,8719027.81,Sistema,2025-12-03 00:00:00,3,12,4,2025,2,False,False
DemaReal,Demanda Real por Sistema,2025-11-27T00:00:00,2025-12-27T00:00:00,1,8430480.13,Sistema,2025-12-03 01:00:00,3,12,4,2025,2,False,False
DemaReal,Demanda Real por Sistema,2025-11-27T00:00:00,2025-12-27T00:00:00,2,8231700.88,Sistema,2025-12-03 02:00:00,3,12,4,2025,2,False,False
DemaReal,Demanda Real por Sistema,2025-11-27T00:00:00,2025-12-27T00:00:00,3,8136617.65,Sistema,2025-12-03 03:00:00,3,12,4,2025,2,False,False
DemaReal,Demanda Real por Sistema,2025-11-27T00:00:00,2025-12-27T00:00:00,4,8271148.16,Sistema,2025-12-03 04:00:00,3,12,4,2025,2,False,False
DemaReal,Demanda Real por Sistema,2025-11-27T00:00:00,2025-12-27T00:00:00,5,8560028.72,Sistema,2025-12-03 05:00:00,3,12,4,2025,2,False,False
DemaReal,Demanda Real por Sistema,2025-11-27T00:00:00,2025-12-27T00:00:00,6,8838713.11,Sistema,2025-12-03 06:00:00,3,12,4,2025,2,False,False
DemaReal,Demanda Real por Sistema,2025-11-27T00:00:00,2025-12-27T00:00:00,7,9321091.56,Sistema,2025-12-03 07:00:00,3,12,4,2025,2,False,False
DemaReal,Demanda Real por Sistema,2025-11-27T00:00:00,2025-12-27T00:00:00,8,9699019.67,Sistema,2025-12-03 08:00:00,3,12,4,2025,2,False,False
DemaReal,Demanda Real por Sistema,2025-11-27T00:00:00,2025-12-27T00:00:00,9,10037618.65,Sistema,2025-12-03 09:00:00,3,12,4,2025,2,False,False
DemaReal,Demanda Real por Sistema,2025-11-27T00:00:00,2025-12-27T00:00:00,10,10363441.28,Sistema,2025-12-03 10:00:00,3,12,4,2025,2,False,False
DemaReal,Demanda Real por Sistema,2025-11-27T00:00:00,2025-12-27T00:00:00,11,10698178.61,Sistema,2025-12-03 11:00:00,3,12,4,2025,2,False,False
DemaReal,Demanda Real por Sistema,2025-11-27T00:00:00,2025-12-27T00:00:00,12,10689622.24,Sistema,2025-12-03 12:00:00,3,12,4,2025,2,False,False
DemaReal,Demanda Real por Sistema,2025-11-27T00:00:00,2025-12-27T00:00:00,13,10669722.85,Sistema,2025-12-03 13:00:00,3,12,4,2025,2,False,False
DemaReal,Demanda Real por Sistema,2025-11-27T00:00:00,2025-12-27T00:00:00,14,10910968.79,Sistema,2025-12-03 14:00:00,3,12,4,2025,2,False,False
DemaReal,Demanda Real por Sistema,2025-11-27T00:00:00,2025-12-27T00:00:00,15,10911563.65,Sistema,2025-12-03 15:00:00,3,12,4,2025,2,False,False
DemaReal,Demanda Real por Sistema,2025-11-27T00:00:00,2025-12-27T00:00:00,16,10816314.16,Sistema,2025-12-03 16:00:00,3,12,4,2025,2,False,False
DemaReal,Demanda Real por Sistema,2025-11-27T00:00:00,2025-12-27T00:00:00,17,10813903.14,Sistema,2025-12-03 17:00:00,3,12,4,2025,2,False,False
DemaReal,Demanda Real por Sistema,2025-11-27T00:00:00,2025-12-27T00:00:00,18,11366810.51,Sistema,2025-12-03 18:00:00,3,12,4,2025,2,False,False
DemaReal,Demanda Real por Sistema,2025-11-27T00:00:00,2025-12-27T00:00:00,19,11331348.02,Sistema,2025-12-03 19:00:00,3,12,4,2025,2,False,False
DemaReal,Demanda Real por Sistema,2025-11-27T00:00:00,2025-12-27T00:00:00,20,11021725.31,Sistema,2025-12-03 20:00:00,3,12,4,2025,2,False,False
DemaReal,Demanda Real por Sistema,2025-11-27T00:00:00,2025-12-27T00:00:00,21,10530713.37,Sistema,2025-12-03 21:00:00,3,12,4,2025,2,False,False
DemaReal,Demanda Real por Sistema,2025-11-27T00:00:00,2025-12-27T00:00:00,22,9919212.07,Sistema,2025-12-03 22:00:00,3,12,4,2025,2,False,False
DemaReal,Demanda Real por Sistema,2025-11-27T00:00:00,2025-12-27T00:00:00,23,9304434.67,Sistema,2025-12-03 23:00:00,3,12,4,2025,2,False,False
DemaReal,Demanda Real por Sistema,2025-11-27T00:00:00,2025-12-27T00:00:00,0,8827565.02,Sistema,2025-12-04 00:00:00,4,12,4,2025,3,False,False
DemaReal,Demanda Real por Sistema,2025-11-27T00:00:00,2025-12-27T00:00:00,1,8463453.48,Sistema,2025-12-04 01:00:00,4,12,4,2025,3,False,False
DemaReal,Demanda Real por Sistema,2025-11-27T00:00:00,2025-12-27T00:00:00,2,8258610.0,Sistema,2025-12-04 02:00:00,4,12,4,2025,3,False,False
DemaReal,Demanda Real por Sistema,2025-11-27T00:00:00,2025-12-27T00:00:00,3,8167083.19,Sistema,2025-12-04 03:00:00,4,12,4,2025,3,False,False
DemaReal,Demanda Real por Sistema,2025-11-27T00:00:00,2025-12-27T00:00:00,4,8281000.77,Sistema,2025-12-04 04:00:00,4,12,4,2025,3,False,False
DemaReal,Demanda Real por Sistema,2025-11-27T00:00:00,2025-12-27T00:00:00,5,8547807.47,Sistema,2025-12-04 05:00:00,4,12,4,2025,3,False,False
DemaReal,Demanda Real por Sistema,2025-11-27T00:00:00,2025-12-27T00:00:00,6,8831037.58,Sistema,2025-12-04 06:00:00,4,12,4,2025,3,False,False
DemaReal,Demanda Real por Sistema,2025-11-27T00:00:00,2025-12-27T00:00:00,7,9307979.45,Sistema,2025-12-04 07:00:00,4,12,4,2025,3,False,False
DemaReal,Demanda Real por Sistema,2025-11-27T00:00:00,2025-12-27T00:00:00,8,9711747.76,Sistema,2025-12-04 08:00:00,4,12,4,2025,3,False,False
DemaReal,Demanda Real por Sistema,2025-11-27T00:00:00,2025-12-27T00:00:00,9,9957742.15,Sistema,2025-12-04 09:00:00,4,12,4,2025,3,False,False
DemaReal,Demanda Real por Sistema,2025-11-27T00:00:00,2025-12-27T00:00:00,10,10344398.91,Sistema,2025-12-04 10:00:00,4,12,4,2025,3,False,False
DemaReal,Demanda Real por Sistema,2025-11-27T00:00:00,2025-12-27T00:00:00,11,10562585.37,Sistema,2025-12-04 11:00:00,4,12,4,2025,3,False,False
DemaReal,Demanda Real por Sistema,2025-11-27T00:00:00,2025-12-27T00:00:00,12,10574138.59,Sistema,2025-12-04 12:00:00,4,12,4,2025,3,False,False
DemaReal,Demanda Real por Sistema,2025-11-27T00:00:00,2025-12-27T00:00:00,13,10724385.51,Sistema,2025-12-04 13:00:00,4,12,4,2025,3,False,False
DemaReal,Demanda Real por Sistema,2025-11-27T00:00:00,2025-12-27T00:00:00,14,10947241.37,Sistema,2025-12-04 14:00:00,4,12,4,2025,3,False,False
DemaReal,Demanda Real por Sistema,2025-11-27T00:00:00,2025-12-27T00:00:00,15,11017805.54,Sistema,2025-12-04 15:00:00,4,12,4,2025,3,False,False
DemaReal,Demanda Real por Sistema,2025-11-27T00:00:00,2025-12-27T00:00:00,16,10895002.02,Sistema,2025-12-04 16:00:00,4,12,4,2025,3,False,False
DemaReal,Demanda Real por Sistema,2025-11-27T00:00:00,2025-12-27T00:00:00,17,10897773.73,Sistema,2025-12-04 17:00:00,4,12,4,2025,3,False,False
DemaReal,Demanda Real por Sistema,2025-11-27T00:00:00,2025-12-27T00:00:00,18,11406202.77,Sistema,2025-12-04 18:00:00,4,12,4,2025,3,False,False
DemaReal,Demanda Real por Sistema,2025-11-27T00:00:00,2025-12-27T00:00:00,19,11343946.66,Sistema,2025-12-04 19:00:00,4,12,4,2025,3,False,False
DemaReal,Demanda Real por Sistema,2025-11-27T00:00:00,2025-12-27T00:00:00,20,11000227.73,Sistema,2025-12-04 20:00:00,4,12,4,2025,3,False,False
DemaReal,Demanda Real por Sistema,2025-11-27T00:00:00,2025-12-27T00:00:00,21,10492877.89,Sistema,2025-12-04 21:00:00,4,12,4,2025,3,False,False
DemaReal,Demanda Real por Sistema,2025-11-27T00:00:00,2025-12-27T00:00:00,22,9875579.82,Sistema,2025-12-04 22:00:00,4,12,4,2025,3,False,False
DemaReal,Demanda Real por Sistema,2025-11-27T00:00:00,2025-12-27T00:00:00,23,9306913.98,Sistema,2025-12-04 23:00:00,4,12,4,2025,3,False,False
DemaReal,Demanda Real por Sistema,2025-11-27T00:00:00,2025-12-27T00:00:00,0,8836070.25,Sistema,2025-12-05 00:00:00,5,12,4,2025,4,False,False
DemaReal,Demanda Real por Sistema,2025-11-27T00:00:00,2025-12-27T00:00:00,1,8731715.46,Sistema,2025-12-05 01:00:00,5,12,4,2025,4,False,False
DemaReal,Demanda Real por Sistema,2025-11-27T00:00:00,2025-12-27T00:00:00,2,8686228.66,Sistema,2025-12-05 02:00:00,5,12,4,2025,4,False,False
DemaReal,Demanda Real por Sistema,2025-11-27T00:00:00,2025-12-27T00:00:00,3,8241462.96,Sistema,2025-12-05 03:00:00,5,12,4,2025,4,False,False
DemaReal,Demanda Real por Sistema,2025-11-27T00:00:00,2025-12-27T00:00:00,4,8603236.47,Sistema,2025-12-05 04:00:00,5,12,4,2025,4,False,False
DemaReal,Demanda Real por Sistema,2025-11-27T00:00:00,2025-12-27T00:00:00,5,8734314.61,Sistema,2025-12-05 05:00:00,5,12,4,2025,4,False,False
DemaReal,Demanda Real por Sistema,2025-11-27T00:00:00,2025-12-27T00:00:00,6,8800927.37,Sistema,2025-12-05 06:00:00,5,12,4,2025,4,False,False
DemaReal,Demanda Real por Sistema,2025-11-27T00:00:00,2025-12-27T00:00:00,7,9256783.85,Sistema,2025-12-05 07:00:00,5,12,4,2025,4,False,False
DemaReal,Demanda Real por Sistema,2025-11-27T00:00:00,2025-12-27T00:00:00,8,9760645.75,Sistema,2025-12-05 08:00:00,5,12,4,2025,4,False,False
DemaReal,Demanda Real por Sistema,2025-11-27T00:00:00,2025-12-27T00:00:00,9,10059679.14,Sistema,2025-12-05 09:00:00,5,12,4,2025,4,False,False
DemaReal,Demanda Real por Sistema,2025-11-27T00:00:00,2025-12-27T00:00:00,10,10668938.2,Sistema,2025-12-05 10:00:00,5,12,4,2025,4,False,False
DemaReal,Demanda Real por Sistema,2025-11-27T00:00:00,2025-12-27T00:00:00,11,10988805.88,Sistema,2025-12-05 11:00:00,5,12,4,2025,4,False,False
DemaReal,Demanda Real por Sistema,2025-11-27T00:00:00,2025-12-27T00:00:00,12,10991931.26,Sistema,2025-12-05 12:00:00,5,12,4,2025,4,False,False
DemaReal,Demanda Real por Sistema,2025-11-27T00:00:00,2025-12-27T00:00:00,13,11078969.9,Sistema,2025-12-05 13:00:00,5,12,4,2025,4,False,False
DemaReal,Demanda Real por Sistema,2025-11-27T00:00:00,2025-12-27T00:00:00,14,10981320.75,Sistema,2025-12-05 14:00:00,5,12,4,2025,4,False,False
DemaReal,Demanda Real por Sistema,2025-11-27T00:00:00,2025-12-27T00:00:00,15,10914973.87,Sistema,2025-12-05 15:00:00,5,12,4,2025,4,False,False
DemaReal,Demanda Real por Sistema,2025-11-27T00:00:00,2025-12-27T00:00:00,16,10792577.95,Sistema,2025-12-05 16:00:00,5,12,4,2025,4,False,False
DemaReal,Demanda Real por Sistema,2025-11-27T00:00:00,2025-12-27T00:00:00,17,10784911.19,Sistema,2025-12-05 17:00:00,5,12,4,2025,4,False,False
DemaReal,Demanda Real por Sistema,2025-11-27T00:00:00,2025-12-27T00:00:00,18,11339754.71,Sistema,2025-12-05 18:00:00,5,12,4,2025,4,False,False
DemaReal,Demanda Real por Sistema,2025-11-27T00:00:00,2025-12-27T00:00:00,19,11247311.85,Sistema,2025-12-05 19:00:00,5,12,4,2025,4,False,False
DemaReal,Demanda Real por Sistema,2025-11-27T00:00:00,2025-12-27T00:00:00,20,10951470.58,Sistema,2025-12-05 20:00:00,5,12,4,2025,4,False,False
DemaReal,Demanda Real por Sistema,2025-11-27T00:00:00,2025-12-27T00:00:00,21,10502691.27,Sistema,2025-12-05 21:00:00,5,12,4,2025,4,False,False
DemaReal,Demanda Real por Sistema,2025-11-27T00:00:00,2025-12-27T00:00:00,22,9923952.23,Sistema,2025-12-05 22:00:00,5,12,4,2025,4,False,False
DemaReal,Demanda Real por Sistema,2025-11-27T00:00:00,2025-12-27T00:00:00,23,9425094.99,Sistema,2025-12-05 23:00:00,5,12,4,2025,4,False,False
DemaReal,Demanda Real por Sistema,2025-11-27T00:00:00,2025-12-27T00:00:00,0,9251834.98,Sistema,2025-12-06 00:00:00,6,12,4,2025,5,False,True
DemaReal,Demanda Real por Sistema,2025-11-27T00:00:00,2025-12-27T00:00:00,1,8977938.64,Sistema,2025-12-06 01:00:00,6,12,4,2025,5,False,True
DemaReal,Demanda Real por Sistema,2025-11-27T00:00:00,2025-12-27T00:00:00,2,8621181.19,Sistema,2025-12-06 02:00:00,6,12,4,2025,5,False,True
DemaReal,Demanda Real por Sistema,2025-11-27T00:00:00,2025-12-27T00:00:00,3,8436026.78,Sistema,2025-12-06 03:00:00,6,12,4,2025,5,False,True
DemaReal,Demanda Real por Sistema,2025-11-27T00:00:00,2025-12-27T00:00:00,4,8385322.67,Sistema,2025-12-06 04:00:00,6,12,4,2025,5,False,True
DemaReal,Demanda Real por Sistema,2025-11-27T00:00:00,2025-12-27T00:00:00,5,8469758.72,Sistema,2025-12-06 05:00:00,6,12,4,2025,5,False,True
DemaReal,Demanda Real por Sistema,2025-11-27T00:00:00,2025-12-27T00:00:00,6,8652401.42,Sistema,2025-12-06 06:00:00,6,12,4,2025,5,False,True
DemaReal,Demanda Real por Sistema,2025-11-27T00:00:00,2025-12-27T00:00:00,7,9170791.11,Sistema,2025-12-06 07:00:00,6,12,4,2025,5,False,True
DemaReal,Demanda Real por Sistema,2025-11-27T00:00:00,2025-12-27T00:00:00,8,9722351.57,Sistema,2025-12-06 08:00:00,6,12,4,2025,5,False,True
DemaReal,Demanda Real por Sistema,2025-11-27T00:00:00,2025-12-27T00:00:00,9,10038602.03,Sistema,2025-12-06 09:00:00,6,12,4,2025,5,False,True
DemaReal,Demanda Real por Sistema,2025-11-27T00:00:00,2025-12-27T00:00:00,10,10313191.97,Sistema,2025-12-06 10:00:00,6,12,4,2025,5,False,True
DemaReal,Demanda Real por Sistema,2025-11-27T00:00:00,2025-12-27T00:00:00,11,10377279.07,Sistema,2025-12-06 11:00:00,6,12,4,2025,5,False,True
DemaReal,Demanda Real por Sistema,2025-11-27T00:00:00,2025-12-27T00:00:00,12,10395079.85,Sistema,2025-12-06 12:00:00,6,12,4,2025,5,False,True
DemaReal,Demanda Real por Sistema,2025-11-27T00:00:00,2025-12-27T00:00:00,13,10371117.3,Sistema,2025-12-06 13:00:00,6,12,4,2025,5,False,True
DemaReal,Demanda Real por Sistema,2025-11-27T00:00:00,2025-12-27T00:00:00,14,10338821.31,Sistema,2025-12-06 14:00:00,6,12,4,2025,5,False,True
DemaReal,Demanda Real por Sistema,2025-11-27T00:00:00,2025-12-27T00:00:00,15,10302514.83,Sistema,2025-12-06 15:00:00,6,12,4,2025,5,False,True
DemaReal,Demanda Real por Sistema,2025-11-27T00:00:00,2025-12-27T00:00:00,16,10237473.41,Sistema,2025-12-06 16:00:00,6,12,4,2025,5,False,True
DemaReal,Demanda Real por Sistema,2025-11-27T00:00:00,2025-12-27T00:00:00,17,10263656.3,Sistema,2025-12-06 17:00:00,6,12,4,2025,5,False,True
DemaReal,Demanda Real por Sistema,2025-11-27T00:00:00,2025-12-27T00:00:00,18,10664645.72,Sistema,2025-12-06 18:00:00,6,12,4,2025,5,False,True
DemaReal,Demanda Real por Sistema,2025-11-27T00:00:00,2025-12-27T00:00:00,19,10570114.82,Sistema,2025-12-06 19:00:00,6,12,4,2025,5,False,True
DemaReal,Demanda Real por Sistema,2025-11-27T00:00:00,2025-12-27T00:00:00,20,10396998.26,Sistema,2025-12-06 20:00:00,6,12,4,2025,5,False,True
DemaReal,Demanda Real por Sistema,2025-11-27T00:00:00,2025-12-27T00:00:00,21,10192272.74,Sistema,2025-12-06 21:00:00,6,12,4,2025,5,False,True
DemaReal,Demanda Real por Sistema,2025-11-27T00:00:00,2025-12-27T00:00:00,22,9785294.64,Sistema,2025-12-06 22:00:00,6,12,4,2025,5,False,True
DemaReal,Demanda Real por Sistema,2025-11-27T00:00:00,2025-12-27T00:00:00,23,9322311.51,Sistema,2025-12-06 23:00:00,6,12,4,2025,5,False,True
DemaReal,Demanda Real por Sistema,2025-11-27T00:00:00,2025-12-27T00:00:00,0,8671189.38,Sistema,2025-12-07 00:00:00,7,12,4,2025,6,False,True
DemaReal,Demanda Real por Sistema,2025-11-27T00:00:00,2025-12-27T00:00:00,1,8280750.09,Sistema,2025-12-07 01:00:00,7,12,4,2025,6,False,True
DemaReal,Demanda Real por Sistema,2025-11-27T00:00:00,2025-12-27T00:00:00,2,8258178.82,Sistema,2025-12-07 02:00:00,7,12,4,2025,6,False,True
DemaReal,Demanda Real por Sistema,2025-11-27T00:00:00,2025-12-27T00:00:00,3,8058178.47,Sistema,2025-12-07 03:00:00,7,12,4,2025,6,False,True
DemaReal,Demanda Real por Sistema,2025-11-27T00:00:00,2025-12-27T00:00:00,4,7962640.81,Sistema,2025-12-07 04:00:00,7,12,4,2025,6,False,True
DemaReal,Demanda Real por Sistema,2025-11-27T00:00:00,2025-12-27T00:00:00,5,7985939.96,Sistema,2025-12-07 05:00:00,7,12,4,2025,6,False,True
DemaReal,Demanda Real por Sistema,2025-11-27T00:00:00,2025-12-27T00:00:00,6,7879683.69,Sistema,2025-12-07 06:00:00,7,12,4,2025,6,False,True
DemaReal,Demanda Real por Sistema,2025-11-27T00:00:00,2025-12-27T00:00:00,7,8079707.64,Sistema,2025-12-07 07:00:00,7,12,4,2025,6,False,True
DemaReal,Demanda Real por Sistema,2025-11-27T00:00:00,2025-12-27T00:00:00,8,8351509.94,Sistema,2025-12-07 08:00:00,7,12,4,2025,6,False,True
DemaReal,Demanda Real por Sistema,2025-11-27T00:00:00,2025-12-27T00:00:00,9,8714528.84,Sistema,2025-12-07 09:00:00,7,12,4,2025,6,False,True
DemaReal,Demanda Real por Sistema,2025-11-27T00:00:00,2025-12-27T00:00:00,10,9032117.73,Sistema,2025-12-07 10:00:00,7,12,4,2025,6,False,True
DemaReal,Demanda Real por Sistema,2025-11-27T00:00:00,2025-12-27T00:00:00,11,9246399.77,Sistema,2025-12-07 11:00:00,7,12,4,2025,6,False,True
DemaReal,Demanda Real por Sistema,2025-11-27T00:00:00,2025-12-27T00:00:00,12,9429161.01,Sistema,2025-12-07 12:00:00,7,12,4,2025,6,False,True
DemaReal,Demanda Real por Sistema,2025-11-27T00:00:00,2025-12-27T00:00:00,13,9517422.16,Sistema,2025-12-07 13:00:00,7,12,4,2025,6,False,True
DemaReal,Demanda Real por Sistema,2025-11-27T00:00:00,2025-12-27T00:00:00,14,9480457.33,Sistema,2025-12-07 14:00:00,7,12,4,2025,6,False,True
DemaReal,Demanda Real por Sistema,2025-11-27T00:00:00,2025-12-27T00:00:00,15,9492807.53,Sistema,2025-12-07 15:00:00,7,12,4,2025,6,False,True
DemaReal,Demanda Real por Sistema,2025-11-27T00:00:00,2025-12-27T00:00:00,16,9468266.03,Sistema,2025-12-07 16:00:00,7,12,4,2025,6,False,True
DemaReal,Demanda Real por Sistema,2025-11-27T00:00:00,2025-12-27T00:00:00,17,9741881.79,Sistema,2025-12-07 17:00:00,7,12,4,2025,6,False,True
DemaReal,Demanda Real por Sistema,2025-11-27T00:00:00,2025-12-27T00:00:00,18,10123809.09,Sistema,2025-12-07 18:00:00,7,12,4,2025,6,False,True
DemaReal,Demanda Real por Sistema,2025-11-27T00:00:00,2025-12-27T00:00:00,19,9807681.92,Sistema,2025-12-07 19:00:00,7,12,4,2025,6,False,True
DemaReal,Demanda Real por Sistema,2025-11-27T00:00:00,2025-12-27T00:00:00,20,9328544.29,Sistema,2025-12-07 20:00:00,7,12,4,2025,6,False,True
DemaReal,Demanda Real por Sistema,2025-11-27T00:00:00,2025-12-27T00:00:00,21,9059871.98,Sistema,2025-12-07 21:00:00,7,12,4,2025,6,False,True
DemaReal,Demanda Real por Sistema,2025-11-27T00:00:00,2025-12-27T00:00:00,22,8982845.53,Sistema,2025-12-07 22:00:00,7,12,4,2025,6,False,True
DemaReal,Demanda Real por Sistema,2025-11-27T00:00:00,2025-12-27T00:00:00,23,8800010.55,Sistema,2025-12-07 23:00:00,7,12,4,2025,6,False,True
DemaReal,Demanda Real por Sistema,2025-11-27T00:00:00,2025-12-27T00:00:00,0,8517057.22,Sistema,2025-12-08 00:00:00,8,12,4,2025,0,True,False
DemaReal,Demanda Real por Sistema,2025-11-27T00:00:00,2025-12-27T00:00:00,1,8321801.45,Sistema,2025-12-08 01:00:00,8,12,4,2025,0,True,False
DemaReal,Demanda Real por Sistema,2025-11-27T00:00:00,2025-12-27T00:00:00,2,8115915.43,Sistema,2025-12-08 02:00:00,8,12,4,2025,0,True,False
DemaReal,Demanda Real por Sistema,2025-11-27T00:00:00,2025-12-27T00:00:00,3,7978456.6,Sistema,2025-12-08 03:00:00,8,12,4,2025,0,True,False
DemaReal,Demanda Real por Sistema,2025-11-27T00:00:00,2025-12-27T00:00:00,4,7911379.0,Sistema,2025-12-08 04:00:00,8,12,4,2025,0,True,False
DemaReal,Demanda Real por Sistema,2025-11-27T00:00:00,2025-12-27T00:00:00,5,7835279.51,Sistema,2025-12-08 05:00:00,8,12,4,2025,0,True,False
DemaReal,Demanda Real por Sistema,2025-11-27T00:00:00,2025-12-27T00:00:00,6,7733902.75,Sistema,2025-12-08 06:00:00,8,12,4,2025,0,True,False
DemaReal,Demanda Real por Sistema,2025-11-27T00:00:00,2025-12-27T00:00:00,7,8002068.49,Sistema,2025-12-08 07:00:00,8,12,4,2025,0,True,False
DemaReal,Demanda Real por Sistema,2025-11-27T00:00:00,2025-12-27T00:00:00,8,8267519.9,Sistema,2025-12-08 08:00:00,8,12,4,2025,0,True,False
DemaReal,Demanda Real por Sistema,2025-11-27T00:00:00,2025-12-27T00:00:00,9,8691288.78,Sistema,2025-12-08 09:00:00,8,12,4,2025,0,True,False
DemaReal,Demanda Real por Sistema,2025-11-27T00:00:00,2025-12-27T00:00:00,10,9081875.11,Sistema,2025-12-08 10:00:00,8,12,4,2025,0,True,False
DemaReal,Demanda Real por Sistema,2025-11-27T00:00:00,2025-12-27T00:00:00,11,9378697.61,Sistema,2025-12-08 11:00:00,8,12,4,2025,0,True,False
DemaReal,Demanda Real por Sistema,2025-11-27T00:00:00,2025-12-27T00:00:00,12,9581768.79,Sistema,2025-12-08 12:00:00,8,12,4,2025,0,True,False
DemaReal,Demanda Real por Sistema,2025-11-27T00:00:00,2025-12-27T00:00:00,13,9662360.31,Sistema,2025-12-08 13:00:00,8,12,4,2025,0,True,False
DemaReal,Demanda Real por Sistema,2025-11-27T00:00:00,2025-12-27T00:00:00,14,9649575.31,Sistema,2025-12-08 14:00:00,8,12,4,2025,0,True,False
DemaReal,Demanda Real por Sistema,2025-11-27T00:00:00,2025-12-27T00:00:00,15,9704237.85,Sistema,2025-12-08 15:00:00,8,12,4,2025,0,True,False
DemaReal,Demanda Real por Sistema,2025-11-27T00:00:00,2025-12-27T00:00:00,16,9714251.39,Sistema,2025-12-08 16:00:00,8,12,4,2025,0,True,False
DemaReal,Demanda Real por Sistema,2025-11-27T00:00:00,2025-12-27T00:00:00,17,9884571.02,Sistema,2025-12-08 17:00:00,8,12,4,2025,0,True,False
DemaReal,Demanda Real por Sistema,2025-11-27T00:00:00,2025-12-27T00:00:00,18,10555271.72,Sistema,2025-12-08 18:00:00,8,12,4,2025,0,True,False
DemaReal,Demanda Real por Sistema,2025-11-27T00:00:00,2025-12-27T00:00:00,19,10529827.81,Sistema,2025-12-08 19:00:00,8,12,4,2025,0,True,False
DemaReal,Demanda Real por Sistema,2025-11-27T00:00:00,2025-12-27T00:00:00,20,10311175.22,Sistema,2025-12-08 20:00:00,8,12,4,2025,0,True,False
DemaReal,Demanda Real por Sistema,2025-11-27T00:00:00,2025-12-27T00:00:00,21,10051038.86,Sistema,2025-12-08 21:00:00,8,12,4,2025,0,True,False
DemaReal,Demanda Real por Sistema,2025-11-27T00:00:00,2025-12-27T00:00:00,22,9617275.26,Sistema,2025-12-08 22:00:00,8,12,4,2025,0,True,False
DemaReal,Demanda Real por Sistema,2025-11-27T00:00:00,2025-12-27T00:00:00,23,9188853.22,Sistema,2025-12-08 23:00:00,8,12,4,2025,0,True,False
DemaReal,Demanda Real por Sistema,2025-11-27T00:00:00,2025-12-27T00:00:00,0,8825420.79,Sistema,2025-12-09 00:00:00,9,12,4,2025,1,False,False
DemaReal,Demanda Real por Sistema,2025-11-27T00:00:00,2025-12-27T00:00:00,1,8571791.16,Sistema,2025-12-09 01:00:00,9,12,4,2025,1,False,False
DemaReal,Demanda Real por Sistema,2025-11-27T00:00:00,2025-12-27T00:00:00,2,8374054.28,Sistema,2025-12-09 02:00:00,9,12,4,2025,1,False,False
DemaReal,Demanda Real por Sistema,2025-11-27T00:00:00,2025-12-27T00:00:00,3,8318965.43,Sistema,2025-12-09 03:00:00,9,12,4,2025,1,False,False
DemaReal,Demanda Real por Sistema,2025-11-27T00:00:00,2025-12-27T00:00:00,4,8426484.42,Sistema,2025-12-09 04:00:00,9,12,4,2025,1,False,False
DemaReal,Demanda Real por Sistema,2025-11-27T00:00:00,2025-12-27T00:00:00,5,8705111.97,Sistema,2025-12-09 05:00:00,9,12,4,2025,1,False,False
DemaReal,Demanda Real por Sistema,2025-11-27T00:00:00,2025-12-27T00:00:00,6,9004815.21,Sistema,2025-12-09 06:00:00,9,12,4,2025,1,False,False
DemaReal,Demanda Real por Sistema,2025-11-27T00:00:00,2025-12-27T00:00:00,7,9655377.91,Sistema,2025-12-09 07:00:00,9,12,4,2025,1,False,False
DemaReal,Demanda Real por Sistema,2025-11-27T00:00:00,2025-12-27T00:00:00,8,10166564.63,Sistema,2025-12-09 08:00:00,9,12,4,2025,1,False,False
DemaReal,Demanda Real por Sistema,2025-11-27T00:00:00,2025-12-27T00:00:00,9,10490798.29,Sistema,2025-12-09 09:00:00,9,12,4,2025,1,False,False
DemaReal,Demanda Real por Sistema,2025-11-27T00:00:00,2025-12-27T00:00:00,10,10768153.8,Sistema,2025-12-09 10:00:00,9,12,4,2025,1,False,False
DemaReal,Demanda Real por Sistema,2025-11-27T00:00:00,2025-12-27T00:00:00,11,10994807.43,Sistema,2025-12-09 11:00:00,9,12,4,2025,1,False,False
DemaReal,Demanda Real por Sistema,2025-11-27T00:00:00,2025-12-27T00:00:00,12,11072518.95,Sistema,2025-12-09 12:00:00,9,12,4,2025,1,False,False
DemaReal,Demanda Real por Sistema,2025-11-27T00:00:00,2025-12-27T00:00:00,13,11132583.63,Sistema,2025-12-09 13:00:00,9,12,4,2025,1,False,False
DemaReal,Demanda Real por Sistema,2025-11-27T00:00:00,2025-12-27T00:00:00,14,11358783.6,Sistema,2025-12-09 14:00:00,9,12,4,2025,1,False,False
DemaReal,Demanda Real por Sistema,2025-11-27T00:00:00,2025-12-27T00:00:00,15,11351216.42,Sistema,2025-12-09 15:00:00,9,12,4,2025,1,False,False
DemaReal,Demanda Real por Sistema,2025-11-27T00:00:00,2025-12-27T00:00:00,16,11395779.36,Sistema,2025-12-09 16:00:00,9,12,4,2025,1,False,False
DemaReal,Demanda Real por Sistema,2025-11-27T00:00:00,2025-12-27T00:00:00,17,11348907.46,Sistema,2025-12-09 17:00:00,9,12,4,2025,1,False,False
DemaReal,Demanda Real por Sistema,2025-11-27T00:00:00,2025-12-27T00:00:00,18,11868706.37,Sistema,2025-12-09 18:00:00,9,12,4,2025,1,False,False
DemaReal,Demanda Real por Sistema,2025-11-27T00:00:00,2025-12-27T00:00:00,19,11814815.07,Sistema,2025-12-09 19:00:00,9,12,4,2025,1,False,False
DemaReal,Demanda Real por Sistema,2025-11-27T00:00:00,2025-12-27T00:00:00,20,11564135.12,Sistema,2025-12-09 20:00:00,9,12,4,2025,1,False,False
DemaReal,Demanda Real por Sistema,2025-11-27T00:00:00,2025-12-27T00:00:00,21,11098368.38,Sistema,2025-12-09 21:00:00,9,12,4,2025,1,False,False
DemaReal,Demanda Real por Sistema,2025-11-27T00:00:00,2025-12-27T00:00:00,22,10445723.02,Sistema,2025-12-09 22:00:00,9,12,4,2025,1,False,False
DemaReal,Demanda Real por Sistema,2025-11-27T00:00:00,2025-12-27T00:00:00,23,9806901.8,Sistema,2025-12-09 23:00:00,9,12,4,2025,1,False,False
DemaReal,Demanda Real por Sistema,2025-11-27T00:00:00,2025-12-27T00:00:00,0,9385813.01,Sistema,2025-12-10 00:00:00,10,12,4,2025,2,False,False
DemaReal,Demanda Real por Sistema,2025-11-27T00:00:00,2025-12-27T00:00:00,1,9013561.05,Sistema,2025-12-10 01:00:00,10,12,4,2025,2,False,False
DemaReal,Demanda Real por Sistema,2025-11-27T00:00:00,2025-12-27T00:00:00,2,8762335.39,Sistema,2025-12-10 02:00:00,10,12,4,2025,2,False,False
DemaReal,Demanda Real por Sistema,2025-11-27T00:00:00,2025-12-27T00:00:00,3,8688340.66,Sistema,2025-12-10 03:00:00,10,12,4,2025,2,False,False
DemaReal,Demanda Real por Sistema,2025-11-27T00:00:00,2025-12-27T00:00:00,4,8743289.82,Sistema,2025-12-10 04:00:00,10,12,4,2025,2,False,False
DemaReal,Demanda Real por Sistema,2025-11-27T00:00:00,2025-12-27T00:00:00,5,8939075.81,Sistema,2025-12-10 05:00:00,10,12,4,2025,2,False,False
DemaReal,Demanda Real por Sistema,2025-11-27T00:00:00,2025-12-27T00:00:00,6,9192878.65,Sistema,2025-12-10 06:00:00,10,12,4,2025,2,False,False
DemaReal,Demanda Real por Sistema,2025-11-27T00:00:00,2025-12-27T00:00:00,7,9692742.81,Sistema,2025-12-10 07:00:00,10,12,4,2025,2,False,False
DemaReal,Demanda Real por Sistema,2025-11-27T00:00:00,2025-12-27T00:00:00,8,10137705.04,Sistema,2025-12-10 08:00:00,10,12,4,2025,2,False,False
DemaReal,Demanda Real por Sistema,2025-11-27T00:00:00,2025-12-27T00:00:00,9,10507466.91,Sistema,2025-12-10 09:00:00,10,12,4,2025,2,False,False
DemaReal,Demanda Real por Sistema,2025-11-27T00:00:00,2025-12-27T00:00:00,10,10840592.0,Sistema,2025-12-10 10:00:00,10,12,4,2025,2,False,False
DemaReal,Demanda Real por Sistema,2025-11-27T00:00:00,2025-12-27T00:00:00,11,11119700.35,Sistema,2025-12-10 11:00:00,10,12,4,2025,2,False,False
DemaReal,Demanda Real por Sistema,2025-11-27T00:00:00,2025-12-27T00:00:00,12,11054408.01,Sistema,2025-12-10 12:00:00,10,12,4,2025,2,False,False
DemaReal,Demanda Real por Sistema,2025-11-27T00:00:00,2025-12-27T00:00:00,13,11097461.66,Sistema,2025-12-10 13:00:00,10,12,4,2025,2,False,False
DemaReal,Demanda Real por Sistema,2025-11-27T00:00:00,2025-12-27T00:00:00,14,11268738.96,Sistema,2025-12-10 14:00:00,10,12,4,2025,2,False,False
DemaReal,Demanda Real por Sistema,2025-11-27T00:00:00,2025-12-27T00:00:00,15,11386056.72,Sistema,2025-12-10 15:00:00,10,12,4,2025,2,False,False
DemaReal,Demanda Real por Sistema,2025-11-27T00:00:00,2025-12-27T00:00:00,16,11322002.55,Sistema,2025-12-10 16:00:00,10,12,4,2025,2,False,False
DemaReal,Demanda Real por Sistema,2025-11-27T00:00:00,2025-12-27T00:00:00,17,11307816.2,Sistema,2025-12-10 17:00:00,10,12,4,2025,2,False,False
DemaReal,Demanda Real por Sistema,2025-11-27T00:00:00,2025-12-27T00:00:00,18,11947502.18,Sistema,2025-12-10 18:00:00,10,12,4,2025,2,False,False
DemaReal,Demanda Real por Sistema,2025-11-27T00:00:00,2025-12-27T00:00:00,19,11917721.19,Sistema,2025-12-10 19:00:00,10,12,4,2025,2,False,False
DemaReal,Demanda Real por Sistema,2025-11-27T00:00:00,2025-12-27T00:00:00,20,11619970.78,Sistema,2025-12-10 20:00:00,10,12,4,2025,2,False,False
DemaReal,Demanda Real por Sistema,2025-11-27T00:00:00,2025-12-27T00:00:00,21,11168658.5,Sistema,2025-12-10 21:00:00,10,12,4,2025,2,False,False
DemaReal,Demanda Real por Sistema,2025-11-27T00:00:00,2025-12-27T00:00:00,22,10491180.24,Sistema,2025-12-10 22:00:00,10,12,4,2025,2,False,False
DemaReal,Demanda Real por Sistema,2025-11-27T00:00:00,2025-12-27T00:00:00,23,9813792.43,Sistema,2025-12-10 23:00:00,10,12,4,2025,2,False,False
DemaReal,Demanda Real por Sistema,2025-11-27T00:00:00,2025-12-27T00:00:00,0,9278881.55,Sistema,2025-12-11 00:00:00,11,12,4,2025,3,False,False
DemaReal,Demanda Real por Sistema,2025-11-27T00:00:00,2025-12-27T00:00:00,1,9020094.32,Sistema,2025-12-11 01:00:00,11,12,4,2025,3,False,False
DemaReal,Demanda Real por Sistema,2025-11-27T00:00:00,2025-12-27T00:00:00,2,8824801.97,Sistema,2025-12-11 02:00:00,11,12,4,2025,3,False,False
DemaReal,Demanda Real por Sistema,2025-11-27T00:00:00,2025-12-27T00:00:00,3,8741873.34,Sistema,2025-12-11 03:00:00,11,12,4,2025,3,False,False
DemaReal,Demanda Real por Sistema,2025-11-27T00:00:00,2025-12-27T00:00:00,4,8851684.7,Sistema,2025-12-11 04:00:00,11,12,4,2025,3,False,False
DemaReal,Demanda Real por Sistema,2025-11-27T00:00:00,2025-12-27T00:00:00,5,9074440.6,Sistema,2025-12-11 05:00:00,11,12,4,2025,3,False,False
DemaReal,Demanda Real por Sistema,2025-11-27T00:00:00,2025-12-27T00:00:00,6,9259406.08,Sistema,2025-12-11 06:00:00,11,12,4,2025,3,False,False
DemaReal,Demanda Real por Sistema,2025-11-27T00:00:00,2025-12-27T00:00:00,7,9810472.22,Sistema,2025-12-11 07:00:00,11,12,4,2025,3,False,False
DemaReal,Demanda Real por Sistema,2025-11-27T00:00:00,2025-12-27T00:00:00,8,10223810.66,Sistema,2025-12-11 08:00:00,11,12,4,2025,3,False,False
DemaReal,Demanda Real por Sistema,2025-11-27T00:00:00,2025-12-27T00:00:00,9,10509779.81,Sistema,2025-12-11 09:00:00,11,12,4,2025,3,False,False
DemaReal,Demanda Real por Sistema,2025-11-27T00:00:00,2025-12-27T00:00:00,10,10880415.4,Sistema,2025-12-11 10:00:00,11,12,4,2025,3,False,False
DemaReal,Demanda Real por Sistema,2025-11-27T00:00:00,2025-12-27T00:00:00,11,11144688.5,Sistema,2025-12-11 11:00:00,11,12,4,2025,3,False,False
DemaReal,Demanda Real por Sistema,2025-11-27T00:00:00,2025-12-27T00:00:00,12,11112761.7,Sistema,2025-12-11 12:00:00,11,12,4,2025,3,False,False
DemaReal,Demanda Real por Sistema,2025-11-27T00:00:00,2025-12-27T00:00:00,13,11231570.86,Sistema,2025-12-11 13:00:00,11,12,4,2025,3,False,False
DemaReal,Demanda Real por Sistema,2025-11-27T00:00:00,2025-12-27T00:00:00,14,11306221.18,Sistema,2025-12-11 14:00:00,11,12,4,2025,3,False,False
DemaReal,Demanda Real por Sistema,2025-11-27T00:00:00,2025-12-27T00:00:00,15,11421996.76,Sistema,2025-12-11 15:00:00,11,12,4,2025,3,False,False
DemaReal,Demanda Real por Sistema,2025-11-27T00:00:00,2025-12-27T00:00:00,16,11356659.01,Sistema,2025-12-11 16:00:00,11,12,4,2025,3,False,False
DemaReal,Demanda Real por Sistema,2025-11-27T00:00:00,2025-12-27T00:00:00,17,11288945.26,Sistema,2025-12-11 17:00:00,11,12,4,2025,3,False,False
DemaReal,Demanda Real por Sistema,2025-11-27T00:00:00,2025-12-27T00:00:00,18,11959382.03,Sistema,2025-12-11 18:00:00,11,12,4,2025,3,False,False
DemaReal,Demanda Real por Sistema,2025-11-27T00:00:00,2025-12-27T00:00:00,19,11977759.16,Sistema,2025-12-11 19:00:00,11,12,4,2025,3,False,False
DemaReal,Demanda Real por Sistema,2025-11-27T00:00:00,2025-12-27T00:00:00,20,11722752.24,Sistema,2025-12-11 20:00:00,11,12,4,2025,3,False,False
DemaReal,Demanda Real por Sistema,2025-11-27T00:00:00,2025-12-27T00:00:00,21,11157087.25,Sistema,2025-12-11 21:00:00,11,12,4,2025,3,False,False
DemaReal,Demanda Real por Sistema,2025-11-27T00:00:00,2025-12-27T00:00:00,22,10583198.68,Sistema,2025-12-11 22:00:00,11,12,4,2025,3,False,False
DemaReal,Demanda Real por Sistema,2025-11-27T00:00:00,2025-12-27T00:00:00,23,9994554.85,Sistema,2025-12-11 23:00:00,11,12,4,2025,3,False,False
DemaReal,Demanda Real por Sistema,2025-11-27T00:00:00,2025-12-27T00:00:00,0,9455029.34,Sistema,2025-12-12 00:00:00,12,12,4,2025,4,False,False
DemaReal,Demanda Real por Sistema,2025-11-27T00:00:00,2025-12-27T00:00:00,1,9145645.58,Sistema,2025-12-12 01:00:00,12,12,4,2025,4,False,False
DemaReal,Demanda Real por Sistema,2025-11-27T00:00:00,2025-12-27T00:00:00,2,8917399.33,Sistema,2025-12-12 02:00:00,12,12,4,2025,4,False,False
DemaReal,Demanda Real por Sistema,2025-11-27T00:00:00,2025-12-27T00:00:00,3,8806166.49,Sistema,2025-12-12 03:00:00,12,12,4,2025,4,False,False
DemaReal,Demanda Real por Sistema,2025-11-27T00:00:00,2025-12-27T00:00:00,4,8890248.98,Sistema,2025-12-12 04:00:00,12,12,4,2025,4,False,False
DemaReal,Demanda Real por Sistema,2025-11-27T00:00:00,2025-12-27T00:00:00,5,9115673.41,Sistema,2025-12-12 05:00:00,12,12,4,2025,4,False,False
DemaReal,Demanda Real por Sistema,2025-11-27T00:00:00,2025-12-27T00:00:00,6,9341844.72,Sistema,2025-12-12 06:00:00,12,12,4,2025,4,False,False
DemaReal,Demanda Real por Sistema,2025-11-27T00:00:00,2025-12-27T00:00:00,7,9923638.93,Sistema,2025-12-12 07:00:00,12,12,4,2025,4,False,False
DemaReal,Demanda Real por Sistema,2025-11-27T00:00:00,2025-12-27T00:00:00,8,10339935.22,Sistema,2025-12-12 08:00:00,12,12,4,2025,4,False,False
DemaReal,Demanda Real por Sistema,2025-11-27T00:00:00,2025-12-27T00:00:00,9,10558396.18,Sistema,2025-12-12 09:00:00,12,12,4,2025,4,False,False
DemaReal,Demanda Real por Sistema,2025-11-27T00:00:00,2025-12-27T00:00:00,10,10870295.57,Sistema,2025-12-12 10:00:00,12,12,4,2025,4,False,False
DemaReal,Demanda Real por Sistema,2025-11-27T00:00:00,2025-12-27T00:00:00,11,11107210.11,Sistema,2025-12-12 11:00:00,12,12,4,2025,4,False,False
DemaReal,Demanda Real por Sistema,2025-11-27T00:00:00,2025-12-27T00:00:00,12,11024896.43,Sistema,2025-12-12 12:00:00,12,12,4,2025,4,False,False
DemaReal,Demanda Real por Sistema,2025-11-27T00:00:00,2025-12-27T00:00:00,13,11111591.02,Sistema,2025-12-12 13:00:00,12,12,4,2025,4,False,False
DemaReal,Demanda Real por Sistema,2025-11-27T00:00:00,2025-12-27T00:00:00,14,11280071.32,Sistema,2025-12-12 14:00:00,12,12,4,2025,4,False,False
DemaReal,Demanda Real por Sistema,2025-11-27T00:00:00,2025-12-27T00:00:00,15,11259761.99,Sistema,2025-12-12 15:00:00,12,12,4,2025,4,False,False
DemaReal,Demanda Real por Sistema,2025-11-27T00:00:00,2025-12-27T00:00:00,16,11154854.92,Sistema,2025-12-12 16:00:00,12,12,4,2025,4,False,False
DemaReal,Demanda Real por Sistema,2025-11-27T00:00:00,2025-12-27T00:00:00,17,11220290.49,Sistema,2025-12-12 17:00:00,12,12,4,2025,4,False,False
DemaReal,Demanda Real por Sistema,2025-11-27T00:00:00,2025-12-27T00:00:00,18,11789044.14,Sistema,2025-12-12 18:00:00,12,12,4,2025,4,False,False
DemaReal,Demanda Real por Sistema,2025-11-27T00:00:00,2025-12-27T00:00:00,19,11727560.37,Sistema,2025-12-12 19:00:00,12,12,4,2025,4,False,False
DemaReal,Demanda Real por Sistema,2025-11-27T00:00:00,2025-12-27T00:00:00,20,11437800.42,Sistema,2025-12-12 20:00:00,12,12,4,2025,4,False,False
DemaReal,Demanda Real por Sistema,2025-11-27T00:00:00,2025-12-27T00:00:00,21,10960738.2,Sistema,2025-12-12 21:00:00,12,12,4,2025,4,False,False
DemaReal,Demanda Real por Sistema,2025-11-27T00:00:00,2025-12-27T00:00:00,22,10407884.32,Sistema,2025-12-12 22:00:00,12,12,4,2025,4,False,False
DemaReal,Demanda Real por Sistema,2025-11-27T00:00:00,2025-12-27T00:00:00,23,9891591.89,Sistema,2025-12-12 23:00:00,12,12,4,2025,4,False,False
DemaReal,Demanda Real por Sistema,2025-11-27T00:00:00,2025-12-27T00:00:00,0,9435802.06,Sistema,2025-12-13 00:00:00,13,12,4,2025,5,False,True
DemaReal,Demanda Real por Sistema,2025-11-27T00:00:00,2025-12-27T00:00:00,1,9100290.91,Sistema,2025-12-13 01:00:00,13,12,4,2025,5,False,True
DemaReal,Demanda Real por Sistema,2025-11-27T00:00:00,2025-12-27T00:00:00,2,8827504.17,Sistema,2025-12-13 02:00:00,13,12,4,2025,5,False,True
DemaReal,Demanda Real por Sistema,2025-11-27T00:00:00,2025-12-27T00:00:00,3,8670813.75,Sistema,2025-12-13 03:00:00,13,12,4,2025,5,False,True
DemaReal,Demanda Real por Sistema,2025-11-27T00:00:00,2025-12-27T00:00:00,4,8669824.72,Sistema,2025-12-13 04:00:00,13,12,4,2025,5,False,True
DemaReal,Demanda Real por Sistema,2025-11-27T00:00:00,2025-12-27T00:00:00,5,8758100.72,Sistema,2025-12-13 05:00:00,13,12,4,2025,5,False,True
DemaReal,Demanda Real por Sistema,2025-11-27T00:00:00,2025-12-27T00:00:00,6,8894986.61,Sistema,2025-12-13 06:00:00,13,12,4,2025,5,False,True
DemaReal,Demanda Real por Sistema,2025-11-27T00:00:00,2025-12-27T00:00:00,7,9348613.96,Sistema,2025-12-13 07:00:00,13,12,4,2025,5,False,True
DemaReal,Demanda Real por Sistema,2025-11-27T00:00:00,2025-12-27T00:00:00,8,9778576.2,Sistema,2025-12-13 08:00:00,13,12,4,2025,5,False,True
DemaReal,Demanda Real por Sistema,2025-11-27T00:00:00,2025-12-27T00:00:00,9,10049893.73,Sistema,2025-12-13 09:00:00,13,12,4,2025,5,False,True
DemaReal,Demanda Real por Sistema,2025-11-27T00:00:00,2025-12-27T00:00:00,10,10289347.25,Sistema,2025-12-13 10:00:00,13,12,4,2025,5,False,True
DemaReal,Demanda Real por Sistema,2025-11-27T00:00:00,2025-12-27T00:00:00,11,10485400.34,Sistema,2025-12-13 11:00:00,13,12,4,2025,5,False,True
DemaReal,Demanda Real por Sistema,2025-11-27T00:00:00,2025-12-27T00:00:00,12,10471367.47,Sistema,2025-12-13 12:00:00,13,12,4,2025,5,False,True
DemaReal,Demanda Real por Sistema,2025-11-27T00:00:00,2025-12-27T00:00:00,13,10407035.01,Sistema,2025-12-13 13:00:00,13,12,4,2025,5,False,True
DemaReal,Demanda Real por Sistema,2025-11-27T00:00:00,2025-12-27T00:00:00,14,10399175.37,Sistema,2025-12-13 14:00:00,13,12,4,2025,5,False,True
DemaReal,Demanda Real por Sistema,2025-11-27T00:00:00,2025-12-27T00:00:00,15,10331116.47,Sistema,2025-12-13 15:00:00,13,12,4,2025,5,False,True
DemaReal,Demanda Real por Sistema,2025-11-27T00:00:00,2025-12-27T00:00:00,16,10320748.19,Sistema,2025-12-13 16:00:00,13,12,4,2025,5,False,True
DemaReal,Demanda Real por Sistema,2025-11-27T00:00:00,2025-12-27T00:00:00,17,10460672.44,Sistema,2025-12-13 17:00:00,13,12,4,2025,5,False,True
DemaReal,Demanda Real por Sistema,2025-11-27T00:00:00,2025-12-27T00:00:00,18,11145789.14,Sistema,2025-12-13 18:00:00,13,12,4,2025,5,False,True
DemaReal,Demanda Real por Sistema,2025-11-27T00:00:00,2025-12-27T00:00:00,19,11066577.99,Sistema,2025-12-13 19:00:00,13,12,4,2025,5,False,True
DemaReal,Demanda Real por Sistema,2025-11-27T00:00:00,2025-12-27T00:00:00,20,10767761.19,Sistema,2025-12-13 20:00:00,13,12,4,2025,5,False,True
DemaReal,Demanda Real por Sistema,2025-11-27T00:00:00,2025-12-27T00:00:00,21,10357251.57,Sistema,2025-12-13 21:00:00,13,12,4,2025,5,False,True
DemaReal,Demanda Real por Sistema,2025-11-27T00:00:00,2025-12-27T00:00:00,22,9878794.02,Sistema,2025-12-13 22:00:00,13,12,4,2025,5,False,True
DemaReal,Demanda Real por Sistema,2025-11-27T00:00:00,2025-12-27T00:00:00,23,9387700.53,Sistema,2025-12-13 23:00:00,13,12,4,2025,5,False,True
DemaReal,Demanda Real por Sistema,2025-11-27T00:00:00,2025-12-27T00:00:00,0,8946071.8,Sistema,2025-12-14 00:00:00,14,12,4,2025,6,False,True
DemaReal,Demanda Real por Sistema,2025-11-27T00:00:00,2025-12-27T00:00:00,1,8631190.4,Sistema,2025-12-14 01:00:00,14,12,4,2025,6,False,True
DemaReal,Demanda Real por Sistema,2025-11-27T00:00:00,2025-12-27T00:00:00,2,8405166.83,Sistema,2025-12-14 02:00:00,14,12,4,2025,6,False,True
DemaReal,Demanda Real por Sistema,2025-11-27T00:00:00,2025-12-27T00:00:00,3,8204539.95,Sistema,2025-12-14 03:00:00,14,12,4,2025,6,False,True
DemaReal,Demanda Real por Sistema,2025-11-27T00:00:00,2025-12-27T00:00:00,4,8120270.51,Sistema,2025-12-14 04:00:00,14,12,4,2025,6,False,True
DemaReal,Demanda Real por Sistema,2025-11-27T00:00:00,2025-12-27T00:00:00,5,8082291.43,Sistema,2025-12-14 05:00:00,14,12,4,2025,6,False,True
DemaReal,Demanda Real por Sistema,2025-11-27T00:00:00,2025-12-27T00:00:00,6,7768355.55,Sistema,2025-12-14 06:00:00,14,12,4,2025,6,False,True
DemaReal,Demanda Real por Sistema,2025-11-27T00:00:00,2025-12-27T00:00:00,7,7966191.24,Sistema,2025-12-14 07:00:00,14,12,4,2025,6,False,True
DemaReal,Demanda Real por Sistema,2025-11-27T00:00:00,2025-12-27T00:00:00,8,8369053.73,Sistema,2025-12-14 08:00:00,14,12,4,2025,6,False,True
DemaReal,Demanda Real por Sistema,2025-11-27T00:00:00,2025-12-27T00:00:00,9,8682116.97,Sistema,2025-12-14 09:00:00,14,12,4,2025,6,False,True
DemaReal,Demanda Real por Sistema,2025-11-27T00:00:00,2025-12-27T00:00:00,10,8955655.89,Sistema,2025-12-14 10:00:00,14,12,4,2025,6,False,True
DemaReal,Demanda Real por Sistema,2025-11-27T00:00:00,2025-12-27T00:00:00,11,9150691.29,Sistema,2025-12-14 11:00:00,14,12,4,2025,6,False,True
DemaReal,Demanda Real por Sistema,2025-11-27T00:00:00,2025-12-27T00:00:00,12,9296649.45,Sistema,2025-12-14 12:00:00,14,12,4,2025,6,False,True
DemaReal,Demanda Real por Sistema,2025-11-27T00:00:00,2025-12-27T00:00:00,13,9362388.78,Sistema,2025-12-14 13:00:00,14,12,4,2025,6,False,True
DemaReal,Demanda Real por Sistema,2025-11-27T00:00:00,2025-12-27T00:00:00,14,9380352.5,Sistema,2025-12-14 14:00:00,14,12,4,2025,6,False,True
DemaReal,Demanda Real por Sistema,2025-11-27T00:00:00,2025-12-27T00:00:00,15,9395507.44,Sistema,2025-12-14 15:00:00,14,12,4,2025,6,False,True
DemaReal,Demanda Real por Sistema,2025-11-27T00:00:00,2025-12-27T00:00:00,16,9490507.97,Sistema,2025-12-14 16:00:00,14,12,4,2025,6,False,True
DemaReal,Demanda Real por Sistema,2025-11-27T00:00:00,2025-12-27T00:00:00,17,9723709.67,Sistema,2025-12-14 17:00:00,14,12,4,2025,6,False,True
DemaReal,Demanda Real por Sistema,2025-11-27T00:00:00,2025-12-27T00:00:00,18,10425956.15,Sistema,2025-12-14 18:00:00,14,12,4,2025,6,False,True
DemaReal,Demanda Real por Sistema,2025-11-27T00:00:00,2025-12-27T00:00:00,19,10520921.21,Sistema,2025-12-14 19:00:00,14,12,4,2025,6,False,True
DemaReal,Demanda Real por Sistema,2025-11-27T00:00:00,2025-12-27T00:00:00,20,10371599.43,Sistema,2025-12-14 20:00:00,14,12,4,2025,6,False,True
DemaReal,Demanda Real por Sistema,2025-11-27T00:00:00,2025-12-27T00:00:00,21,10103615.26,Sistema,2025-12-14 21:00:00,14,12,4,2025,6,False,True
DemaReal,Demanda Real por Sistema,2025-11-27T00:00:00,2025-12-27T00:00:00,22,9763152.04,Sistema,2025-12-14 22:00:00,14,12,4,2025,6,False,True
DemaReal,Demanda Real por Sistema,2025-11-27T00:00:00,2025-12-27T00:00:00,23,9329876.38,Sistema,2025-12-14 23:00:00,14,12,4,2025,6,False,True
DemaReal,Demanda Real por Sistema,2025-11-27T00:00:00,2025-12-27T00:00:00,0,8972095.06,Sistema,2025-12-15 00:00:00,15,12,4,2025,0,False,False
DemaReal,Demanda Real por Sistema,2025-11-27T00:00:00,2025-12-27T00:00:00,1,8672688.05,Sistema,2025-12-15 01:00:00,15,12,4,2025,0,False,False
DemaReal,Demanda Real por Sistema,2025-11-27T00:00:00,2025-12-27T00:00:00,2,8410549.21,Sistema,2025-12-15 02:00:00,15,12,4,2025,0,False,False
DemaReal,Demanda Real por Sistema,2025-11-27T00:00:00,2025-12-27T00:00:00,3,8416448.37,Sistema,2025-12-15 03:00:00,15,12,4,2025,0,False,False
DemaReal,Demanda Real por Sistema,2025-11-27T00:00:00,2025-12-27T00:00:00,4,8508755.99,Sistema,2025-12-15 04:00:00,15,12,4,2025,0,False,False
DemaReal,Demanda Real por Sistema,2025-11-27T00:00:00,2025-12-27T00:00:00,5,8792478.29,Sistema,2025-12-15 05:00:00,15,12,4,2025,0,False,False
DemaReal,Demanda Real por Sistema,2025-11-27T00:00:00,2025-12-27T00:00:00,6,9059460.1,Sistema,2025-12-15 06:00:00,15,12,4,2025,0,False,False
DemaReal,Demanda Real por Sistema,2025-11-27T00:00:00,2025-12-27T00:00:00,7,9638168.01,Sistema,2025-12-15 07:00:00,15,12,4,2025,0,False,False
DemaReal,Demanda Real por Sistema,2025-11-27T00:00:00,2025-12-27T00:00:00,8,10144293.16,Sistema,2025-12-15 08:00:00,15,12,4,2025,0,False,False
DemaReal,Demanda Real por Sistema,2025-11-27T00:00:00,2025-12-27T00:00:00,9,10402418.85,Sistema,2025-12-15 09:00:00,15,12,4,2025,0,False,False
DemaReal,Demanda Real por Sistema,2025-11-27T00:00:00,2025-12-27T00:00:00,10,10809806.02,Sistema,2025-12-15 10:00:00,15,12,4,2025,0,False,False
DemaReal,Demanda Real por Sistema,2025-11-27T00:00:00,2025-12-27T00:00:00,11,11065508.12,Sistema,2025-12-15 11:00:00,15,12,4,2025,0,False,False
DemaReal,Demanda Real por Sistema,2025-11-27T00:00:00,2025-12-27T00:00:00,12,11123929.28,Sistema,2025-12-15 12:00:00,15,12,4,2025,0,False,False
DemaReal,Demanda Real por Sistema,2025-11-27T00:00:00,2025-12-27T00:00:00,13,11246215.92,Sistema,2025-12-15 13:00:00,15,12,4,2025,0,False,False
DemaReal,Demanda Real por Sistema,2025-11-27T00:00:00,2025-12-27T00:00:00,14,11427273.75,Sistema,2025-12-15 14:00:00,15,12,4,2025,0,False,False
DemaReal,Demanda Real por Sistema,2025-11-27T00:00:00,2025-12-27T00:00:00,15,11467214.18,Sistema,2025-12-15 15:00:00,15,12,4,2025,0,False,False
DemaReal,Demanda Real por Sistema,2025-11-27T00:00:00,2025-12-27T00:00:00,16,11342195.31,Sistema,2025-12-15 16:00:00,15,12,4,2025,0,False,False
DemaReal,Demanda Real por Sistema,2025-11-27T00:00:00,2025-12-27T00:00:00,17,11204575.42,Sistema,2025-12-15 17:00:00,15,12,4,2025,0,False,False
DemaReal,Demanda Real por Sistema,2025-11-27T00:00:00,2025-12-27T00:00:00,18,11683624.33,Sistema,2025-12-15 18:00:00,15,12,4,2025,0,False,False
DemaReal,Demanda Real por Sistema,2025-11-27T00:00:00,2025-12-27T00:00:00,19,11641618.89,Sistema,2025-12-15 19:00:00,15,12,4,2025,0,False,False
DemaReal,Demanda Real por Sistema,2025-11-27T00:00:00,2025-12-27T00:00:00,20,11435689.13,Sistema,2025-12-15 20:00:00,15,12,4,2025,0,False,False
DemaReal,Demanda Real por Sistema,2025-11-27T00:00:00,2025-12-27T00:00:00,21,11019332.11,Sistema,2025-12-15 21:00:00,15,12,4,2025,0,False,False
DemaReal,Demanda Real por Sistema,2025-11-27T00:00:00,2025-12-27T00:00:00,22,10405597.05,Sistema,2025-12-15 22:00:00,15,12,4,2025,0,False,False
DemaReal,Demanda Real por Sistema,2025-11-27T00:00:00,2025-12-27T00:00:00,23,9796364.95,Sistema,2025-12-15 23:00:00,15,12,4,2025,0,False,False
DemaReal,Demanda Real por Sistema,2025-11-27T00:00:00,2025-12-27T00:00:00,0,9323460.58,Sistema,2025-12-16 00:00:00,16,12,4,2025,1,False,False
DemaReal,Demanda Real por Sistema,2025-11-27T00:00:00,2025-12-27T00:00:00,1,8983052.81,Sistema,2025-12-16 01:00:00,16,12,4,2025,1,False,False
DemaReal,Demanda Real por Sistema,2025-11-27T00:00:00,2025-12-27T00:00:00,2,8793384.41,Sistema,2025-12-16 02:00:00,16,12,4,2025,1,False,False
DemaReal,Demanda Real por Sistema,2025-11-27T00:00:00,2025-12-27T00:00:00,3,8703693.64,Sistema,2025-12-16 03:00:00,16,12,4,2025,1,False,False
DemaReal,Demanda Real por Sistema,2025-11-27T00:00:00,2025-12-27T00:00:00,4,8768391.76,Sistema,2025-12-16 04:00:00,16,12,4,2025,1,False,False
DemaReal,Demanda Real por Sistema,2025-11-27T00:00:00,2025-12-27T00:00:00,5,8999583.05,Sistema,2025-12-16 05:00:00,16,12,4,2025,1,False,False
DemaReal,Demanda Real por Sistema,2025-11-27T00:00:00,2025-12-27T00:00:00,6,9265585.24,Sistema,2025-12-16 06:00:00,16,12,4,2025,1,False,False
DemaReal,Demanda Real por Sistema,2025-11-27T00:00:00,2025-12-27T00:00:00,7,9801947.39,Sistema,2025-12-16 07:00:00,16,12,4,2025,1,False,False
DemaReal,Demanda Real por Sistema,2025-11-27T00:00:00,2025-12-27T00:00:00,8,10228621.26,Sistema,2025-12-16 08:00:00,16,12,4,2025,1,False,False
DemaReal,Demanda Real por Sistema,2025-11-27T00:00:00,2025-12-27T00:00:00,9,10508627.42,Sistema,2025-12-16 09:00:00,16,12,4,2025,1,False,False
DemaReal,Demanda Real por Sistema,2025-11-27T00:00:00,2025-12-27T00:00:00,10,10734401.29,Sistema,2025-12-16 10:00:00,16,12,4,2025,1,False,False
DemaReal,Demanda Real por Sistema,2025-11-27T00:00:00,2025-12-27T00:00:00,11,11064143.19,Sistema,2025-12-16 11:00:00,16,12,4,2025,1,False,False
DemaReal,Demanda Real por Sistema,2025-11-27T00:00:00,2025-12-27T00:00:00,12,11053918.73,Sistema,2025-12-16 12:00:00,16,12,4,2025,1,False,False
DemaReal,Demanda Real por Sistema,2025-11-27T00:00:00,2025-12-27T00:00:00,13,11161785.19,Sistema,2025-12-16 13:00:00,16,12,4,2025,1,False,False
DemaReal,Demanda Real por Sistema,2025-11-27T00:00:00,2025-12-27T00:00:00,14,11379320.97,Sistema,2025-12-16 14:00:00,16,12,4,2025,1,False,False
DemaReal,Demanda Real por Sistema,2025-11-27T00:00:00,2025-12-27T00:00:00,15,11425949.52,Sistema,2025-12-16 15:00:00,16,12,4,2025,1,False,False
DemaReal,Demanda Real por Sistema,2025-11-27T00:00:00,2025-12-27T00:00:00,16,11277859.83,Sistema,2025-12-16 16:00:00,16,12,4,2025,1,False,False
DemaReal,Demanda Real por Sistema,2025-11-27T00:00:00,2025-12-27T00:00:00,17,11183143.72,Sistema,2025-12-16 17:00:00,16,12,4,2025,1,False,False
DemaReal,Demanda Real por Sistema,2025-11-27T00:00:00,2025-12-27T00:00:00,18,11747557.76,Sistema,2025-12-16 18:00:00,16,12,4,2025,1,False,False
DemaReal,Demanda Real por Sistema,2025-11-27T00:00:00,2025-12-27T00:00:00,19,11637237.52,Sistema,2025-12-16 19:00:00,16,12,4,2025,1,False,False
DemaReal,Demanda Real por Sistema,2025-11-27T00:00:00,2025-12-27T00:00:00,20,11368366.81,Sistema,2025-12-16 20:00:00,16,12,4,2025,1,False,False
DemaReal,Demanda Real por Sistema,2025-11-27T00:00:00,2025-12-27T00:00:00,21,10904277.62,Sistema,2025-12-16 21:00:00,16,12,4,2025,1,False,False
DemaReal,Demanda Real por Sistema,2025-11-27T00:00:00,2025-12-27T00:00:00,22,10390074.26,Sistema,2025-12-16 22:00:00,16,12,4,2025,1,False,False
DemaReal,Demanda Real por Sistema,2025-11-27T00:00:00,2025-12-27T00:00:00,23,9839639.73,Sistema,2025-12-16 23:00:00,16,12,4,2025,1,False,False
DemaReal,Demanda Real por Sistema,2025-11-27T00:00:00,2025-12-27T00:00:00,0,9337160.88,Sistema,2025-12-17 00:00:00,17,12,4,2025,2,False,False
DemaReal,Demanda Real por Sistema,2025-11-27T00:00:00,2025-12-27T00:00:00,1,9020827.37,Sistema,2025-12-17 01:00:00,17,12,4,2025,2,False,False
DemaReal,Demanda Real por Sistema,2025-11-27T00:00:00,2025-12-27T00:00:00,2,8789803.95,Sistema,2025-12-17 02:00:00,17,12,4,2025,2,False,False
DemaReal,Demanda Real por Sistema,2025-11-27T00:00:00,2025-12-27T00:00:00,3,8684185.52,Sistema,2025-12-17 03:00:00,17,12,4,2025,2,False,False
DemaReal,Demanda Real por Sistema,2025-11-27T00:00:00,2025-12-27T00:00:00,4,8762057.51,Sistema,2025-12-17 04:00:00,17,12,4,2025,2,False,False
DemaReal,Demanda Real por Sistema,2025-11-27T00:00:00,2025-12-27T00:00:00,5,8965631.57,Sistema,2025-12-17 05:00:00,17,12,4,2025,2,False,False
DemaReal,Demanda Real por Sistema,2025-11-27T00:00:00,2025-12-27T00:00:00,6,9174797.4,Sistema,2025-12-17 06:00:00,17,12,4,2025,2,False,False
DemaReal,Demanda Real por Sistema,2025-11-27T00:00:00,2025-12-27T00:00:00,7,9764679.04,Sistema,2025-12-17 07:00:00,17,12,4,2025,2,False,False
DemaReal,Demanda Real por Sistema,2025-11-27T00:00:00,2025-12-27T00:00:00,8,10277742.4,Sistema,2025-12-17 08:00:00,17,12,4,2025,2,False,False
DemaReal,Demanda Real por Sistema,2025-11-27T00:00:00,2025-12-27T00:00:00,9,10262010.51,Sistema,2025-12-17 09:00:00,17,12,4,2025,2,False,False
DemaReal,Demanda Real por Sistema,2025-11-27T00:00:00,2025-12-27T00:00:00,10,10512387.0,Sistema,2025-12-17 10:00:00,17,12,4,2025,2,False,False
DemaReal,Demanda Real por Sistema,2025-11-27T00:00:00,2025-12-27T00:00:00,11,10807077.11,Sistema,2025-12-17 11:00:00,17,12,4,2025,2,False,False
DemaReal,Demanda Real por Sistema,2025-11-27T00:00:00,2025-12-27T00:00:00,12,10794292.54,Sistema,2025-12-17 12:00:00,17,12,4,2025,2,False,False
DemaReal,Demanda Real por Sistema,2025-11-27T00:00:00,2025-12-27T00:00:00,13,10894920.83,Sistema,2025-12-17 13:00:00,17,12,4,2025,2,False,False
DemaReal,Demanda Real por Sistema,2025-11-27T00:00:00,2025-12-27T00:00:00,14,11112950.98,Sistema,2025-12-17 14:00:00,17,12,4,2025,2,False,False
DemaReal,Demanda Real por Sistema,2025-11-27T00:00:00,2025-12-27T00:00:00,15,11100799.45,Sistema,2025-12-17 15:00:00,17,12,4,2025,2,False,False
DemaReal,Demanda Real por Sistema,2025-11-27T00:00:00,2025-12-27T00:00:00,16,11235679.37,Sistema,2025-12-17 16:00:00,17,12,4,2025,2,False,False
DemaReal,Demanda Real por Sistema,2025-11-27T00:00:00,2025-12-27T00:00:00,17,11189441.05,Sistema,2025-12-17 17:00:00,17,12,4,2025,2,False,False
DemaReal,Demanda Real por Sistema,2025-11-27T00:00:00,2025-12-27T00:00:00,18,11705757.43,Sistema,2025-12-17 18:00:00,17,12,4,2025,2,False,False
DemaReal,Demanda Real por Sistema,2025-11-27T00:00:00,2025-12-27T00:00:00,19,11620433.72,Sistema,2025-12-17 19:00:00,17,12,4,2025,2,False,False
DemaReal,Demanda Real por Sistema,2025-11-27T00:00:00,2025-12-27T00:00:00,20,11349895.49,Sistema,2025-12-17 20:00:00,17,12,4,2025,2,False,False
DemaReal,Demanda Real por Sistema,2025-11-27T00:00:00,2025-12-27T00:00:00,21,10978235.59,Sistema,2025-12-17 21:00:00,17,12,4,2025,2,False,False
DemaReal,Demanda Real por Sistema,2025-11-27T00:00:00,2025-12-27T00:00:00,22,10437204.62,Sistema,2025-12-17 22:00:00,17,12,4,2025,2,False,False
DemaReal,Demanda Real por Sistema,2025-11-27T00:00:00,2025-12-27T00:00:00,23,9867322.22,Sistema,2025-12-17 23:00:00,17,12,4,2025,2,False,False
DemaReal,Demanda Real por Sistema,2025-11-27T00:00:00,2025-12-27T00:00:00,0,9433630.79,Sistema,2025-12-18 00:00:00,18,12,4,2025,3,False,False
DemaReal,Demanda Real por Sistema,2025-11-27T00:00:00,2025-12-27T00:00:00,1,9104194.09,Sistema,2025-12-18 01:00:00,18,12,4,2025,3,False,False
DemaReal,Demanda Real por Sistema,2025-11-27T00:00:00,2025-12-27T00:00:00,2,8875729.04,Sistema,2025-12-18 02:00:00,18,12,4,2025,3,False,False
DemaReal,Demanda Real por Sistema,2025-11-27T00:00:00,2025-12-27T00:00:00,3,8760694.51,Sistema,2025-12-18 03:00:00,18,12,4,2025,3,False,False
DemaReal,Demanda Real por Sistema,2025-11-27T00:00:00,2025-12-27T00:00:00,4,8673565.97,Sistema,2025-12-18 04:00:00,18,12,4,2025,3,False,False
DemaReal,Demanda Real por Sistema,2025-11-27T00:00:00,2025-12-27T00:00:00,5,9016608.57,Sistema,2025-12-18 05:00:00,18,12,4,2025,3,False,False
DemaReal,Demanda Real por Sistema,2025-11-27T00:00:00,2025-12-27T00:00:00,6,9264800.18,Sistema,2025-12-18 06:00:00,18,12,4,2025,3,False,False
DemaReal,Demanda Real por Sistema,2025-11-27T00:00:00,2025-12-27T00:00:00,7,9701307.39,Sistema,2025-12-18 07:00:00,18,12,4,2025,3,False,False
DemaReal,Demanda Real por Sistema,2025-11-27T00:00:00,2025-12-27T00:00:00,8,10065921.88,Sistema,2025-12-18 08:00:00,18,12,4,2025,3,False,False
DemaReal,Demanda Real por Sistema,2025-11-27T00:00:00,2025-12-27T00:00:00,9,10383983.34,Sistema,2025-12-18 09:00:00,18,12,4,2025,3,False,False
DemaReal,Demanda Real por Sistema,2025-11-27T00:00:00,2025-12-27T00:00:00,10,10724210.25,Sistema,2025-12-18 10:00:00,18,12,4,2025,3,False,False
DemaReal,Demanda Real por Sistema,2025-11-27T00:00:00,2025-12-27T00:00:00,11,11018660.77,Sistema,2025-12-18 11:00:00,18,12,4,2025,3,False,False
DemaReal,Demanda Real por Sistema,2025-11-27T00:00:00,2025-12-27T00:00:00,12,10984613.6,Sistema,2025-12-18 12:00:00,18,12,4,2025,3,False,False
DemaReal,Demanda Real por Sistema,2025-11-27T00:00:00,2025-12-27T00:00:00,13,11100295.52,Sistema,2025-12-18 13:00:00,18,12,4,2025,3,False,False
DemaReal,Demanda Real por Sistema,2025-11-27T00:00:00,2025-12-27T00:00:00,14,11189797.26,Sistema,2025-12-18 14:00:00,18,12,4,2025,3,False,False
DemaReal,Demanda Real por Sistema,2025-11-27T00:00:00,2025-12-27T00:00:00,15,11217570.15,Sistema,2025-12-18 15:00:00,18,12,4,2025,3,False,False
DemaReal,Demanda Real por Sistema,2025-11-27T00:00:00,2025-12-27T00:00:00,16,11122942.85,Sistema,2025-12-18 16:00:00,18,12,4,2025,3,False,False
DemaReal,Demanda Real por Sistema,2025-11-27T00:00:00,2025-12-27T00:00:00,17,11225719.15,Sistema,2025-12-18 17:00:00,18,12,4,2025,3,False,False
DemaReal,Demanda Real por Sistema,2025-11-27T00:00:00,2025-12-27T00:00:00,18,11642347.34,Sistema,2025-12-18 18:00:00,18,12,4,2025,3,False,False
DemaReal,Demanda Real por Sistema,2025-11-27T00:00:00,2025-12-27T00:00:00,19,11489291.55,Sistema,2025-12-18 19:00:00,18,12,4,2025,3,False,False
DemaReal,Demanda Real por Sistema,2025-11-27T00:00:00,2025-12-27T00:00:00,20,11232280.37,Sistema,2025-12-18 20:00:00,18,12,4,2025,3,False,False
DemaReal,Demanda Real por Sistema,2025-11-27T00:00:00,2025-12-27T00:00:00,21,10903982.96,Sistema,2025-12-18 21:00:00,18,12,4,2025,3,False,False
DemaReal,Demanda Real por Sistema,2025-11-27T00:00:00,2025-12-27T00:00:00,22,10364435.92,Sistema,2025-12-18 22:00:00,18,12,4,2025,3,False,False
DemaReal,Demanda Real por Sistema,2025-11-27T00:00:00,2025-12-27T00:00:00,23,9798308.97,Sistema,2025-12-18 23:00:00,18,12,4,2025,3,False,False
DemaReal,Demanda Real por Sistema,2025-11-27T00:00:00,2025-12-27T00:00:00,0,9424613.11,Sistema,2025-12-19 00:00:00,19,12,4,2025,4,False,False
DemaReal,Demanda Real por Sistema,2025-11-27T00:00:00,2025-12-27T00:00:00,1,9104161.37,Sistema,2025-12-19 01:00:00,19,12,4,2025,4,False,False
DemaReal,Demanda Real por Sistema,2025-11-27T00:00:00,2025-12-27T00:00:00,2,8869073.84,Sistema,2025-12-19 02:00:00,19,12,4,2025,4,False,False
DemaReal,Demanda Real por Sistema,2025-11-27T00:00:00,2025-12-27T00:00:00,3,8676391.23,Sistema,2025-12-19 03:00:00,19,12,4,2025,4,False,False
DemaReal,Demanda Real por Sistema,2025-11-27T00:00:00,2025-12-27T00:00:00,4,8770816.05,Sistema,2025-12-19 04:00:00,19,12,4,2025,4,False,False
DemaReal,Demanda Real por Sistema,2025-11-27T00:00:00,2025-12-27T00:00:00,5,9004868.98,Sistema,2025-12-19 05:00:00,19,12,4,2025,4,False,False
DemaReal,Demanda Real por Sistema,2025-11-27T00:00:00,2025-12-27T00:00:00,6,9280869.97,Sistema,2025-12-19 06:00:00,19,12,4,2025,4,False,False
DemaReal,Demanda Real por Sistema,2025-11-27T00:00:00,2025-12-27T00:00:00,7,9814419.23,Sistema,2025-12-19 07:00:00,19,12,4,2025,4,False,False
DemaReal,Demanda Real por Sistema,2025-11-27T00:00:00,2025-12-27T00:00:00,8,10295940.26,Sistema,2025-12-19 08:00:00,19,12,4,2025,4,False,False
DemaReal,Demanda Real por Sistema,2025-11-27T00:00:00,2025-12-27T00:00:00,9,10511051.75,Sistema,2025-12-19 09:00:00,19,12,4,2025,4,False,False
DemaReal,Demanda Real por Sistema,2025-11-27T00:00:00,2025-12-27T00:00:00,10,10804430.64,Sistema,2025-12-19 10:00:00,19,12,4,2025,4,False,False
DemaReal,Demanda Real por Sistema,2025-11-27T00:00:00,2025-12-27T00:00:00,11,11043515.03,Sistema,2025-12-19 11:00:00,19,12,4,2025,4,False,False
DemaReal,Demanda Real por Sistema,2025-11-27T00:00:00,2025-12-27T00:00:00,12,11020583.81,Sistema,2025-12-19 12:00:00,19,12,4,2025,4,False,False
DemaReal,Demanda Real por Sistema,2025-11-27T00:00:00,2025-12-27T00:00:00,13,11062365.74,Sistema,2025-12-19 13:00:00,19,12,4,2025,4,False,False
DemaReal,Demanda Real por Sistema,2025-11-27T00:00:00,2025-12-27T00:00:00,14,11208734.56,Sistema,2025-12-19 14:00:00,19,12,4,2025,4,False,False
DemaReal,Demanda Real por Sistema,2025-11-27T00:00:00,2025-12-27T00:00:00,15,11248673.07,Sistema,2025-12-19 15:00:00,19,12,4,2025,4,False,False
DemaReal,Demanda Real por Sistema,2025-11-27T00:00:00,2025-12-27T00:00:00,16,11139429.18,Sistema,2025-12-19 16:00:00,19,12,4,2025,4,False,False
DemaReal,Demanda Real por Sistema,2025-11-27T00:00:00,2025-12-27T00:00:00,17,11065670.54,Sistema,2025-12-19 17:00:00,19,12,4,2025,4,False,False
DemaReal,Demanda Real por Sistema,2025-11-27T00:00:00,2025-12-27T00:00:00,18,11583185.46,Sistema,2025-12-19 18:00:00,19,12,4,2025,4,False,False
DemaReal,Demanda Real por Sistema,2025-11-27T00:00:00,2025-12-27T00:00:00,19,11414166.83,Sistema,2025-12-19 19:00:00,19,12,4,2025,4,False,False
DemaReal,Demanda Real por Sistema,2025-11-27T00:00:00,2025-12-27T00:00:00,20,11179247.26,Sistema,2025-12-19 20:00:00,19,12,4,2025,4,False,False
DemaReal,Demanda Real por Sistema,2025-11-27T00:00:00,2025-12-27T00:00:00,21,10850048.49,Sistema,2025-12-19 21:00:00,19,12,4,2025,4,False,False
DemaReal,Demanda Real por Sistema,2025-11-27T00:00:00,2025-12-27T00:00:00,22,10347714.64,Sistema,2025-12-19 22:00:00,19,12,4,2025,4,False,False
DemaReal,Demanda Real por Sistema,2025-11-27T00:00:00,2025-12-27T00:00:00,23,9803393.77,Sistema,2025-12-19 23:00:00,19,12,4,2025,4,False,False
DemaReal,Demanda Real por Sistema,2025-11-27T00:00:00,2025-12-27T00:00:00,0,9365203.74,Sistema,2025-12-20 00:00:00,20,12,4,2025,5,False,True
DemaReal,Demanda Real por Sistema,2025-11-27T00:00:00,2025-12-27T00:00:00,1,9099555.63,Sistema,2025-12-20 01:00:00,20,12,4,2025,5,False,True
DemaReal,Demanda Real por Sistema,2025-11-27T00:00:00,2025-12-27T00:00:00,2,8839955.42,Sistema,2025-12-20 02:00:00,20,12,4,2025,5,False,True
DemaReal,Demanda Real por Sistema,2025-11-27T00:00:00,2025-12-27T00:00:00,3,8653727.09,Sistema,2025-12-20 03:00:00,20,12,4,2025,5,False,True
DemaReal,Demanda Real por Sistema,2025-11-27T00:00:00,2025-12-27T00:00:00,4,8644502.16,Sistema,2025-12-20 04:00:00,20,12,4,2025,5,False,True
DemaReal,Demanda Real por Sistema,2025-11-27T00:00:00,2025-12-27T00:00:00,5,8691226.47,Sistema,2025-12-20 05:00:00,20,12,4,2025,5,False,True
DemaReal,Demanda Real por Sistema,2025-11-27T00:00:00,2025-12-27T00:00:00,6,8706153.16,Sistema,2025-12-20 06:00:00,20,12,4,2025,5,False,True
DemaReal,Demanda Real por Sistema,2025-11-27T00:00:00,2025-12-27T00:00:00,7,9140916.89,Sistema,2025-12-20 07:00:00,20,12,4,2025,5,False,True
DemaReal,Demanda Real por Sistema,2025-11-27T00:00:00,2025-12-27T00:00:00,8,9599739.54,Sistema,2025-12-20 08:00:00,20,12,4,2025,5,False,True
DemaReal,Demanda Real por Sistema,2025-11-27T00:00:00,2025-12-27T00:00:00,9,9815837.75,Sistema,2025-12-20 09:00:00,20,12,4,2025,5,False,True
DemaReal,Demanda Real por Sistema,2025-11-27T00:00:00,2025-12-27T00:00:00,10,10012409.48,Sistema,2025-12-20 10:00:00,20,12,4,2025,5,False,True
DemaReal,Demanda Real por Sistema,2025-11-27T00:00:00,2025-12-27T00:00:00,11,10116921.35,Sistema,2025-12-20 11:00:00,20,12,4,2025,5,False,True
DemaReal,Demanda Real por Sistema,2025-11-27T00:00:00,2025-12-27T00:00:00,12,10034948.96,Sistema,2025-12-20 12:00:00,20,12,4,2025,5,False,True
DemaReal,Demanda Real por Sistema,2025-11-27T00:00:00,2025-12-27T00:00:00,13,9992158.07,Sistema,2025-12-20 13:00:00,20,12,4,2025,5,False,True
DemaReal,Demanda Real por Sistema,2025-11-27T00:00:00,2025-12-27T00:00:00,14,9980738.1,Sistema,2025-12-20 14:00:00,20,12,4,2025,5,False,True
DemaReal,Demanda Real por Sistema,2025-11-27T00:00:00,2025-12-27T00:00:00,15,9980471.81,Sistema,2025-12-20 15:00:00,20,12,4,2025,5,False,True
DemaReal,Demanda Real por Sistema,2025-11-27T00:00:00,2025-12-27T00:00:00,16,9959103.55,Sistema,2025-12-20 16:00:00,20,12,4,2025,5,False,True
DemaReal,Demanda Real por Sistema,2025-11-27T00:00:00,2025-12-27T00:00:00,17,10134576.08,Sistema,2025-12-20 17:00:00,20,12,4,2025,5,False,True
DemaReal,Demanda Real por Sistema,2025-11-27T00:00:00,2025-12-27T00:00:00,18,10777761.74,Sistema,2025-12-20 18:00:00,20,12,4,2025,5,False,True
DemaReal,Demanda Real por Sistema,2025-11-27T00:00:00,2025-12-27T00:00:00,19,10715020.68,Sistema,2025-12-20 19:00:00,20,12,4,2025,5,False,True
DemaReal,Demanda Real por Sistema,2025-11-27T00:00:00,2025-12-27T00:00:00,20,10488721.44,Sistema,2025-12-20 20:00:00,20,12,4,2025,5,False,True
DemaReal,Demanda Real por Sistema,2025-11-27T00:00:00,2025-12-27T00:00:00,21,10239829.96,Sistema,2025-12-20 21:00:00,20,12,4,2025,5,False,True
DemaReal,Demanda Real por Sistema,2025-11-27T00:00:00,2025-12-27T00:00:00,22,9839871.76,Sistema,2025-12-20 22:00:00,20,12,4,2025,5,False,True
DemaReal,Demanda Real por Sistema,2025-11-27T00:00:00,2025-12-27T00:00:00,23,9371708.12,Sistema,2025-12-20 23:00:00,20,12,4,2025,5,False,True
DemaReal,Demanda Real por Sistema,2025-11-27T00:00:00,2025-12-27T00:00:00,0,8998489.67,Sistema,2025-12-21 00:00:00,21,12,4,2025,6,False,True
DemaReal,Demanda Real por Sistema,2025-11-27T00:00:00,2025-12-27T00:00:00,1,8666479.22,Sistema,2025-12-21 01:00:00,21,12,4,2025,6,False,True
DemaReal,Demanda Real por Sistema,2025-11-27T00:00:00,2025-12-27T00:00:00,2,8417023.45,Sistema,2025-12-21 02:00:00,21,12,4,2025,6,False,True
DemaReal,Demanda Real por Sistema,2025-11-27T00:00:00,2025-12-27T00:00:00,3,8230319.64,Sistema,2025-12-21 03:00:00,21,12,4,2025,6,False,True
DemaReal,Demanda Real por Sistema,2025-11-27T00:00:00,2025-12-27T00:00:00,4,8157252.14,Sistema,2025-12-21 04:00:00,21,12,4,2025,6,False,True
DemaReal,Demanda Real por Sistema,2025-11-27T00:00:00,2025-12-27T00:00:00,5,8114119.07,Sistema,2025-12-21 05:00:00,21,12,4,2025,6,False,True
DemaReal,Demanda Real por Sistema,2025-11-27T00:00:00,2025-12-27T00:00:00,6,7943421.23,Sistema,2025-12-21 06:00:00,21,12,4,2025,6,False,True
DemaReal,Demanda Real por Sistema,2025-11-27T00:00:00,2025-12-27T00:00:00,7,8188674.09,Sistema,2025-12-21 07:00:00,21,12,4,2025,6,False,True
DemaReal,Demanda Real por Sistema,2025-11-27T00:00:00,2025-12-27T00:00:00,8,8526399.66,Sistema,2025-12-21 08:00:00,21,12,4,2025,6,False,True
DemaReal,Demanda Real por Sistema,2025-11-27T00:00:00,2025-12-27T00:00:00,9,8744711.32,Sistema,2025-12-21 09:00:00,21,12,4,2025,6,False,True
DemaReal,Demanda Real por Sistema,2025-11-27T00:00:00,2025-12-27T00:00:00,10,9006558.12,Sistema,2025-12-21 10:00:00,21,12,4,2025,6,False,True
DemaReal,Demanda Real por Sistema,2025-11-27T00:00:00,2025-12-27T00:00:00,11,9224476.41,Sistema,2025-12-21 11:00:00,21,12,4,2025,6,False,True
DemaReal,Demanda Real por Sistema,2025-11-27T00:00:00,2025-12-27T00:00:00,12,9337468.04,Sistema,2025-12-21 12:00:00,21,12,4,2025,6,False,True
DemaReal,Demanda Real por Sistema,2025-11-27T00:00:00,2025-12-27T00:00:00,13,9371732.47,Sistema,2025-12-21 13:00:00,21,12,4,2025,6,False,True
DemaReal,Demanda Real por Sistema,2025-11-27T00:00:00,2025-12-27T00:00:00,14,9378857.76,Sistema,2025-12-21 14:00:00,21,12,4,2025,6,False,True
DemaReal,Demanda Real por Sistema,2025-11-27T00:00:00,2025-12-27T00:00:00,15,9436678.17,Sistema,2025-12-21 15:00:00,21,12,4,2025,6,False,True
DemaReal,Demanda Real por Sistema,2025-11-27T00:00:00,2025-12-27T00:00:00,16,9461450.42,Sistema,2025-12-21 16:00:00,21,12,4,2025,6,False,True
DemaReal,Demanda Real por Sistema,2025-11-27T00:00:00,2025-12-27T00:00:00,17,9599826.43,Sistema,2025-12-21 17:00:00,21,12,4,2025,6,False,True
DemaReal,Demanda Real por Sistema,2025-11-27T00:00:00,2025-12-27T00:00:00,18,10338553.51,Sistema,2025-12-21 18:00:00,21,12,4,2025,6,False,True
DemaReal,Demanda Real por Sistema,2025-11-27T00:00:00,2025-12-27T00:00:00,19,10395667.99,Sistema,2025-12-21 19:00:00,21,12,4,2025,6,False,True
DemaReal,Demanda Real por Sistema,2025-11-27T00:00:00,2025-12-27T00:00:00,20,10260861.03,Sistema,2025-12-21 20:00:00,21,12,4,2025,6,False,True
DemaReal,Demanda Real por Sistema,2025-11-27T00:00:00,2025-12-27T00:00:00,21,10055517.38,Sistema,2025-12-21 21:00:00,21,12,4,2025,6,False,True
DemaReal,Demanda Real por Sistema,2025-11-27T00:00:00,2025-12-27T00:00:00,22,9734716.3,Sistema,2025-12-21 22:00:00,21,12,4,2025,6,False,True
DemaReal,Demanda Real por Sistema,2025-11-27T00:00:00,2025-12-27T00:00:00,23,9270087.65,Sistema,2025-12-21 23:00:00,21,12,4,2025,6,False,True
DemaReal,Demanda Real por Sistema,2025-11-27T00:00:00,2025-12-27T00:00:00,0,8882344.62,Sistema,2025-12-22 00:00:00,22,12,4,2025,0,False,False
DemaReal,Demanda Real por Sistema,2025-11-27T00:00:00,2025-12-27T00:00:00,1,8577839.37,Sistema,2025-12-22 01:00:00,22,12,4,2025,0,False,False
DemaReal,Demanda Real por Sistema,2025-11-27T00:00:00,2025-12-27T00:00:00,2,8360732.99,Sistema,2025-12-22 02:00:00,22,12,4,2025,0,False,False
DemaReal,Demanda Real por Sistema,2025-11-27T00:00:00,2025-12-27T00:00:00,3,8259807.17,Sistema,2025-12-22 03:00:00,22,12,4,2025,0,False,False
DemaReal,Demanda Real por Sistema,2025-11-27T00:00:00,2025-12-27T00:00:00,4,8302818.2,Sistema,2025-12-22 04:00:00,22,12,4,2025,0,False,False
DemaReal,Demanda Real por Sistema,2025-11-27T00:00:00,2025-12-27T00:00:00,5,8545115.39,Sistema,2025-12-22 05:00:00,22,12,4,2025,0,False,False
DemaReal,Demanda Real por Sistema,2025-11-27T00:00:00,2025-12-27T00:00:00,6,8771838.68,Sistema,2025-12-22 06:00:00,22,12,4,2025,0,False,False
DemaReal,Demanda Real por Sistema,2025-11-27T00:00:00,2025-12-27T00:00:00,7,9278521.01,Sistema,2025-12-22 07:00:00,22,12,4,2025,0,False,False
DemaReal,Demanda Real por Sistema,2025-11-27T00:00:00,2025-12-27T00:00:00,8,9801362.09,Sistema,2025-12-22 08:00:00,22,12,4,2025,0,False,False
DemaReal,Demanda Real por Sistema,2025-11-27T00:00:00,2025-12-27T00:00:00,9,10061046.3,Sistema,2025-12-22 09:00:00,22,12,4,2025,0,False,False
DemaReal,Demanda Real por Sistema,2025-11-27T00:00:00,2025-12-27T00:00:00,10,10452469.52,Sistema,2025-12-22 10:00:00,22,12,4,2025,0,False,False
DemaReal,Demanda Real por Sistema,2025-11-27T00:00:00,2025-12-27T00:00:00,11,10735819.11,Sistema,2025-12-22 11:00:00,22,12,4,2025,0,False,False
DemaReal,Demanda Real por Sistema,2025-11-27T00:00:00,2025-12-27T00:00:00,12,10709276.94,Sistema,2025-12-22 12:00:00,22,12,4,2025,0,False,False
DemaReal,Demanda Real por Sistema,2025-11-27T00:00:00,2025-12-27T00:00:00,13,10811791.78,Sistema,2025-12-22 13:00:00,22,12,4,2025,0,False,False
DemaReal,Demanda Real por Sistema,2025-11-27T00:00:00,2025-12-27T00:00:00,14,11008958.68,Sistema,2025-12-22 14:00:00,22,12,4,2025,0,False,False
DemaReal,Demanda Real por Sistema,2025-11-27T00:00:00,2025-12-27T00:00:00,15,11027842.19,Sistema,2025-12-22 15:00:00,22,12,4,2025,0,False,False
DemaReal,Demanda Real por Sistema,2025-11-27T00:00:00,2025-12-27T00:00:00,16,10946126.92,Sistema,2025-12-22 16:00:00,22,12,4,2025,0,False,False
DemaReal,Demanda Real por Sistema,2025-11-27T00:00:00,2025-12-27T00:00:00,17,10891941.44,Sistema,2025-12-22 17:00:00,22,12,4,2025,0,False,False
DemaReal,Demanda Real por Sistema,2025-11-27T00:00:00,2025-12-27T00:00:00,18,11404924.93,Sistema,2025-12-22 18:00:00,22,12,4,2025,0,False,False
DemaReal,Demanda Real por Sistema,2025-11-27T00:00:00,2025-12-27T00:00:00,19,11357233.72,Sistema,2025-12-22 19:00:00,22,12,4,2025,0,False,False
DemaReal,Demanda Real por Sistema,2025-11-27T00:00:00,2025-12-27T00:00:00,20,11146644.2,Sistema,2025-12-22 20:00:00,22,12,4,2025,0,False,False
DemaReal,Demanda Real por Sistema,2025-11-27T00:00:00,2025-12-27T00:00:00,21,10841557.34,Sistema,2025-12-22 21:00:00,22,12,4,2025,0,False,False
DemaReal,Demanda Real por Sistema,2025-11-27T00:00:00,2025-12-27T00:00:00,22,10332159.58,Sistema,2025-12-22 22:00:00,22,12,4,2025,0,False,False
DemaReal,Demanda Real por Sistema,2025-11-27T00:00:00,2025-12-27T00:00:00,23,9752084.76,Sistema,2025-12-22 23:00:00,22,12,4,2025,0,False,False
DemaReal,Demanda Real por Sistema,2025-11-27T00:00:00,2025-12-27T00:00:00,0,9231642.56,Sistema,2025-12-23 00:00:00,23,12,4,2025,1,False,False
DemaReal,Demanda Real por Sistema,2025-11-27T00:00:00,2025-12-27T00:00:00,1,8903154.85,Sistema,2025-12-23 01:00:00,23,12,4,2025,1,False,False
DemaReal,Demanda Real por Sistema,2025-11-27T00:00:00,2025-12-27T00:00:00,2,8655330.37,Sistema,2025-12-23 02:00:00,23,12,4,2025,1,False,False
DemaReal,Demanda Real por Sistema,2025-11-27T00:00:00,2025-12-27T00:00:00,3,8516699.45,Sistema,2025-12-23 03:00:00,23,12,4,2025,1,False,False
DemaReal,Demanda Real por Sistema,2025-11-27T00:00:00,2025-12-27T00:00:00,4,8587829.32,Sistema,2025-12-23 04:00:00,23,12,4,2025,1,False,False
DemaReal,Demanda Real por Sistema,2025-11-27T00:00:00,2025-12-27T00:00:00,5,8807966.79,Sistema,2025-12-23 05:00:00,23,12,4,2025,1,False,False
DemaReal,Demanda Real por Sistema,2025-11-27T00:00:00,2025-12-27T00:00:00,6,9008223.64,Sistema,2025-12-23 06:00:00,23,12,4,2025,1,False,False
DemaReal,Demanda Real por Sistema,2025-11-27T00:00:00,2025-12-27T00:00:00,7,9524083.34,Sistema,2025-12-23 07:00:00,23,12,4,2025,1,False,False
DemaReal,Demanda Real por Sistema,2025-11-27T00:00:00,2025-12-27T00:00:00,8,9999243.1,Sistema,2025-12-23 08:00:00,23,12,4,2025,1,False,False
DemaReal,Demanda Real por Sistema,2025-11-27T00:00:00,2025-12-27T00:00:00,9,10185014.04,Sistema,2025-12-23 09:00:00,23,12,4,2025,1,False,False
DemaReal,Demanda Real por Sistema,2025-11-27T00:00:00,2025-12-27T00:00:00,10,10383502.3,Sistema,2025-12-23 10:00:00,23,12,4,2025,1,False,False
DemaReal,Demanda Real por Sistema,2025-11-27T00:00:00,2025-12-27T00:00:00,11,10707058.04,Sistema,2025-12-23 11:00:00,23,12,4,2025,1,False,False
DemaReal,Demanda Real por Sistema,2025-11-27T00:00:00,2025-12-27T00:00:00,12,10705244.62,Sistema,2025-12-23 12:00:00,23,12,4,2025,1,False,False
DemaReal,Demanda Real por Sistema,2025-11-27T00:00:00,2025-12-27T00:00:00,13,10779466.27,Sistema,2025-12-23 13:00:00,23,12,4,2025,1,False,False
DemaReal,Demanda Real por Sistema,2025-11-27T00:00:00,2025-12-27T00:00:00,14,10924822.72,Sistema,2025-12-23 14:00:00,23,12,4,2025,1,False,False
DemaReal,Demanda Real por Sistema,2025-11-27T00:00:00,2025-12-27T00:00:00,15,10996831.98,Sistema,2025-12-23 15:00:00,23,12,4,2025,1,False,False
DemaReal,Demanda Real por Sistema,2025-11-27T00:00:00,2025-12-27T00:00:00,16,10882546.1,Sistema,2025-12-23 16:00:00,23,12,4,2025,1,False,False
DemaReal,Demanda Real por Sistema,2025-11-27T00:00:00,2025-12-27T00:00:00,17,10816107.88,Sistema,2025-12-23 17:00:00,23,12,4,2025,1,False,False
DemaReal,Demanda Real por Sistema,2025-11-27T00:00:00,2025-12-27T00:00:00,18,11298413.38,Sistema,2025-12-23 18:00:00,23,12,4,2025,1,False,False
DemaReal,Demanda Real por Sistema,2025-11-27T00:00:00,2025-12-27T00:00:00,19,11231578.41,Sistema,2025-12-23 19:00:00,23,12,4,2025,1,False,False
DemaReal,Demanda Real por Sistema,2025-11-27T00:00:00,2025-12-27T00:00:00,20,11046240.4,Sistema,2025-12-23 20:00:00,23,12,4,2025,1,False,False
DemaReal,Demanda Real por Sistema,2025-11-27T00:00:00,2025-12-27T00:00:00,21,10746613.79,Sistema,2025-12-23 21:00:00,23,12,4,2025,1,False,False
DemaReal,Demanda Real por Sistema,2025-11-27T00:00:00,2025-12-27T00:00:00,22,10300628.37,Sistema,2025-12-23 22:00:00,23,12,4,2025,1,False,False
DemaReal,Demanda Real por Sistema,2025-11-27T00:00:00,2025-12-27T00:00:00,23,9816959.97,Sistema,2025-12-23 23:00:00,23,12,4,2025,1,False,False
DemaReal,Demanda Real por Sistema,2025-11-27T00:00:00,2025-12-27T00:00:00,0,9298021.98,Sistema,2025-12-24 00:00:00,24,12,4,2025,2,False,False
DemaReal,Demanda Real por Sistema,2025-11-27T00:00:00,2025-12-27T00:00:00,1,8904912.48,Sistema,2025-12-24 01:00:00,24,12,4,2025,2,False,False
DemaReal,Demanda Real por Sistema,2025-11-27T00:00:00,2025-12-27T00:00:00,2,8618587.4,Sistema,2025-12-24 02:00:00,24,12,4,2025,2,False,False
DemaReal,Demanda Real por Sistema,2025-11-27T00:00:00,2025-12-27T00:00:00,3,8454985.54,Sistema,2025-12-24 03:00:00,24,12,4,2025,2,False,False
DemaReal,Demanda Real por Sistema,2025-11-27T00:00:00,2025-12-27T00:00:00,4,8452412.64,Sistema,2025-12-24 04:00:00,24,12,4,2025,2,False,False
DemaReal,Demanda Real por Sistema,2025-11-27T00:00:00,2025-12-27T00:00:00,5,8560918.44,Sistema,2025-12-24 05:00:00,24,12,4,2025,2,False,False
DemaReal,Demanda Real por Sistema,2025-11-27T00:00:00,2025-12-27T00:00:00,6,8631095.7,Sistema,2025-12-24 06:00:00,24,12,4,2025,2,False,False
DemaReal,Demanda Real por Sistema,2025-11-27T00:00:00,2025-12-27T00:00:00,7,9015709.91,Sistema,2025-12-24 07:00:00,24,12,4,2025,2,False,False
DemaReal,Demanda Real por Sistema,2025-11-27T00:00:00,2025-12-27T00:00:00,8,9434821.0,Sistema,2025-12-24 08:00:00,24,12,4,2025,2,False,False
DemaReal,Demanda Real por Sistema,2025-11-27T00:00:00,2025-12-27T00:00:00,9,9692965.1,Sistema,2025-12-24 09:00:00,24,12,4,2025,2,False,False
DemaReal,Demanda Real por Sistema,2025-11-27T00:00:00,2025-12-27T00:00:00,10,9855350.33,Sistema,2025-12-24 10:00:00,24,12,4,2025,2,False,False
DemaReal,Demanda Real por Sistema,2025-11-27T00:00:00,2025-12-27T00:00:00,11,9982278.24,Sistema,2025-12-24 11:00:00,24,12,4,2025,2,False,False
DemaReal,Demanda Real por Sistema,2025-11-27T00:00:00,2025-12-27T00:00:00,12,9946066.4,Sistema,2025-12-24 12:00:00,24,12,4,2025,2,False,False
DemaReal,Demanda Real por Sistema,2025-11-27T00:00:00,2025-12-27T00:00:00,13,9859040.54,Sistema,2025-12-24 13:00:00,24,12,4,2025,2,False,False
DemaReal,Demanda Real por Sistema,2025-11-27T00:00:00,2025-12-27T00:00:00,14,9777007.79,Sistema,2025-12-24 14:00:00,24,12,4,2025,2,False,False
DemaReal,Demanda Real por Sistema,2025-11-27T00:00:00,2025-12-27T00:00:00,15,9674010.52,Sistema,2025-12-24 15:00:00,24,12,4,2025,2,False,False
DemaReal,Demanda Real por Sistema,2025-11-27T00:00:00,2025-12-27T00:00:00,16,9628128.22,Sistema,2025-12-24 16:00:00,24,12,4,2025,2,False,False
DemaReal,Demanda Real por Sistema,2025-11-27T00:00:00,2025-12-27T00:00:00,17,9849516.8,Sistema,2025-12-24 17:00:00,24,12,4,2025,2,False,False
DemaReal,Demanda Real por Sistema,2025-11-27T00:00:00,2025-12-27T00:00:00,18,10591771.22,Sistema,2025-12-24 18:00:00,24,12,4,2025,2,False,False
DemaReal,Demanda Real por Sistema,2025-11-27T00:00:00,2025-12-27T00:00:00,19,10450293.28,Sistema,2025-12-24 19:00:00,24,12,4,2025,2,False,False
DemaReal,Demanda Real por Sistema,2025-11-27T00:00:00,2025-12-27T00:00:00,20,9952249.43,Sistema,2025-12-24 20:00:00,24,12,4,2025,2,False,False
DemaReal,Demanda Real por Sistema,2025-11-27T00:00:00,2025-12-27T00:00:00,21,9412859.22,Sistema,2025-12-24 21:00:00,24,12,4,2025,2,False,False
DemaReal,Demanda Real por Sistema,2025-11-27T00:00:00,2025-12-27T00:00:00,22,8951239.08,Sistema,2025-12-24 22:00:00,24,12,4,2025,2,False,False
DemaReal,Demanda Real por Sistema,2025-11-27T00:00:00,2025-12-27T00:00:00,23,8620467.98,Sistema,2025-12-24 23:00:00,24,12,4,2025,2,False,False
DemaReal,Demanda Real por Sistema,2025-11-27T00:00:00,2025-12-27T00:00:00,0,8434186.33,Sistema,2025-12-25 00:00:00,25,12,4,2025,3,True,False
DemaReal,Demanda Real por Sistema,2025-11-27T00:00:00,2025-12-27T00:00:00,1,8309414.21,Sistema,2025-12-25 01:00:00,25,12,4,2025,3,True,False
DemaReal,Demanda Real por Sistema,2025-11-27T00:00:00,2025-12-27T00:00:00,2,8137308.87,Sistema,2025-12-25 02:00:00,25,12,4,2025,3,True,False
DemaReal,Demanda Real por Sistema,2025-11-27T00:00:00,2025-12-27T00:00:00,3,7939753.84,Sistema,2025-12-25 03:00:00,25,12,4,2025,3,True,False
DemaReal,Demanda Real por Sistema,2025-11-27T00:00:00,2025-12-27T00:00:00,4,7804448.42,Sistema,2025-12-25 04:00:00,25,12,4,2025,3,True,False
DemaReal,Demanda Real por Sistema,2025-11-27T00:00:00,2025-12-27T00:00:00,5,7686442.44,Sistema,2025-12-25 05:00:00,25,12,4,2025,3,True,False
DemaReal,Demanda Real por Sistema,2025-11-27T00:00:00,2025-12-27T00:00:00,6,7325189.78,Sistema,2025-12-25 06:00:00,25,12,4,2025,3,True,False
DemaReal,Demanda Real por Sistema,2025-11-27T00:00:00,2025-12-27T00:00:00,7,7305439.22,Sistema,2025-12-25 07:00:00,25,12,4,2025,3,True,False
DemaReal,Demanda Real por Sistema,2025-11-27T00:00:00,2025-12-27T00:00:00,8,7499772.39,Sistema,2025-12-25 08:00:00,25,12,4,2025,3,True,False
DemaReal,Demanda Real por Sistema,2025-11-27T00:00:00,2025-12-27T00:00:00,9,7697744.4,Sistema,2025-12-25 09:00:00,25,12,4,2025,3,True,False
DemaReal,Demanda Real por Sistema,2025-11-27T00:00:00,2025-12-27T00:00:00,10,7956144.09,Sistema,2025-12-25 10:00:00,25,12,4,2025,3,True,False
DemaReal,Demanda Real por Sistema,2025-11-27T00:00:00,2025-12-27T00:00:00,11,8215526.57,Sistema,2025-12-25 11:00:00,25,12,4,2025,3,True,False
DemaReal,Demanda Real por Sistema,2025-11-27T00:00:00,2025-12-27T00:00:00,12,8408761.79,Sistema,2025-12-25 12:00:00,25,12,4,2025,3,True,False
DemaReal,Demanda Real por Sistema,2025-11-27T00:00:00,2025-12-27T00:00:00,13,8491840.19,Sistema,2025-12-25 13:00:00,25,12,4,2025,3,True,False
DemaReal,Demanda Real por Sistema,2025-11-27T00:00:00,2025-12-27T00:00:00,14,8478013.85,Sistema,2025-12-25 14:00:00,25,12,4,2025,3,True,False
DemaReal,Demanda Real por Sistema,2025-11-27T00:00:00,2025-12-27T00:00:00,15,8468890.16,Sistema,2025-12-25 15:00:00,25,12,4,2025,3,True,False
DemaReal,Demanda Real por Sistema,2025-11-27T00:00:00,2025-12-27T00:00:00,16,8524791.8,Sistema,2025-12-25 16:00:00,25,12,4,2025,3,True,False
DemaReal,Demanda Real por Sistema,2025-11-27T00:00:00,2025-12-27T00:00:00,17,8655911.02,Sistema,2025-12-25 17:00:00,25,12,4,2025,3,True,False
DemaReal,Demanda Real por Sistema,2025-11-27T00:00:00,2025-12-27T00:00:00,18,9312110.74,Sistema,2025-12-25 18:00:00,25,12,4,2025,3,True,False
DemaReal,Demanda Real por Sistema,2025-11-27T00:00:00,2025-12-27T00:00:00,19,9423849.05,Sistema,2025-12-25 19:00:00,25,12,4,2025,3,True,False
DemaReal,Demanda Real por Sistema,2025-11-27T00:00:00,2025-12-27T00:00:00,20,9341154.75,Sistema,2025-12-25 20:00:00,25,12,4,2025,3,True,False
DemaReal,Demanda Real por Sistema,2025-11-27T00:00:00,2025-12-27T00:00:00,21,9132473.56,Sistema,2025-12-25 21:00:00,25,12,4,2025,3,True,False
DemaReal,Demanda Real por Sistema,2025-11-27T00:00:00,2025-12-27T00:00:00,22,8891282.41,Sistema,2025-12-25 22:00:00,25,12,4,2025,3,True,False
DemaReal,Demanda Real por Sistema,2025-11-27T00:00:00,2025-12-27T00:00:00,23,8571142.28,Sistema,2025-12-25 23:00:00,25,12,4,2025,3,True,False
DemaReal,Demanda Real por Sistema,2025-11-27T00:00:00,2025-12-27T00:00:00,0,8233765.29,Sistema,2025-12-26 00:00:00,26,12,4,2025,4,False,False
DemaReal,Demanda Real por Sistema,2025-11-27T00:00:00,2025-12-27T00:00:00,1,8009309.29,Sistema,2025-12-26 01:00:00,26,12,4,2025,4,False,False
DemaReal,Demanda Real por Sistema,2025-11-27T00:00:00,2025-12-27T00:00:00,2,7818185.0,Sistema,2025-12-26 02:00:00,26,12,4,2025,4,False,False
DemaReal,Demanda Real por Sistema,2025-11-27T00:00:00,2025-12-27T00:00:00,3,7719817.21,Sistema,2025-12-26 03:00:00,26,12,4,2025,4,False,False
DemaReal,Demanda Real por Sistema,2025-11-27T00:00:00,2025-12-27T00:00:00,4,7791734.87,Sistema,2025-12-26 04:00:00,26,12,4,2025,4,False,False
DemaReal,Demanda Real por Sistema,2025-11-27T00:00:00,2025-12-27T00:00:00,5,7990533.39,Sistema,2025-12-26 05:00:00,26,12,4,2025,4,False,False
DemaReal,Demanda Real por Sistema,2025-11-27T00:00:00,2025-12-27T00:00:00,6,8190066.6,Sistema,2025-12-26 06:00:00,26,12,4,2025,4,False,False
DemaReal,Demanda Real por Sistema,2025-11-27T00:00:00,2025-12-27T00:00:00,7,8656041.74,Sistema,2025-12-26 07:00:00,26,12,4,2025,4,False,False
DemaReal,Demanda Real por Sistema,2025-11-27T00:00:00,2025-12-27T00:00:00,8,9138198.86,Sistema,2025-12-26 08:00:00,26,12,4,2025,4,False,False
DemaReal,Demanda Real por Sistema,2025-11-27T00:00:00,2025-12-27T00:00:00,9,9455081.33,Sistema,2025-12-26 09:00:00,26,12,4,2025,4,False,False
DemaReal,Demanda Real por Sistema,2025-11-27T00:00:00,2025-12-27T00:00:00,10,9728569.01,Sistema,2025-12-26 10:00:00,26,12,4,2025,4,False,False
DemaReal,Demanda Real por Sistema,2025-11-27T00:00:00,2025-12-27T00:00:00,11,9959587.56,Sistema,2025-12-26 11:00:00,26,12,4,2025,4,False,False
DemaReal,Demanda Real por Sistema,2025-11-27T00:00:00,2025-12-27T00:00:00,12,10108666.18,Sistema,2025-12-26 12:00:00,26,12,4,2025,4,False,False
DemaReal,Demanda Real por Sistema,2025-11-27T00:00:00,2025-12-27T00:00:00,13,10192936.14,Sistema,2025-12-26 13:00:00,26,12,4,2025,4,False,False
DemaReal,Demanda Real por Sistema,2025-11-27T00:00:00,2025-12-27T00:00:00,14,10377572.58,Sistema,2025-12-26 14:00:00,26,12,4,2025,4,False,False
DemaReal,Demanda Real por Sistema,2025-11-27T00:00:00,2025-12-27T00:00:00,15,10428983.57,Sistema,2025-12-26 15:00:00,26,12,4,2025,4,False,False
DemaReal,Demanda Real por Sistema,2025-11-27T00:00:00,2025-12-27T00:00:00,16,10376669.39,Sistema,2025-12-26 16:00:00,26,12,4,2025,4,False,False
DemaReal,Demanda Real por Sistema,2025-11-27T00:00:00,2025-12-27T00:00:00,17,10324171.04,Sistema,2025-12-26 17:00:00,26,12,4,2025,4,False,False
DemaReal,Demanda Real por Sistema,2025-11-27T00:00:00,2025-12-27T00:00:00,18,10995931.45,Sistema,2025-12-26 18:00:00,26,12,4,2025,4,False,False
DemaReal,Demanda Real por Sistema,2025-11-27T00:00:00,2025-12-27T00:00:00,19,11033343.03,Sistema,2025-12-26 19:00:00,26,12,4,2025,4,False,False
DemaReal,Demanda Real por Sistema,2025-11-27T00:00:00,2025-12-27T00:00:00,20,10788309.48,Sistema,2025-12-26 20:00:00,26,12,4,2025,4,False,False
DemaReal,Demanda Real por Sistema,2025-11-27T00:00:00,2025-12-27T00:00:00,21,10375671.93,Sistema,2025-12-26 21:00:00,26,12,4,2025,4,False,False
DemaReal,Demanda Real por Sistema,2025-11-27T00:00:00,2025-12-27T00:00:00,22,9849378.72,Sistema,2025-12-26 22:00:00,26,12,4,2025,4,False,False
DemaReal,Demanda Real por Sistema,2025-11-27T00:00:00,2025-12-27T00:00:00,23,9384238.29,Sistema,2025-12-26 23:00:00,26,12,4,2025,4,False,False
DemaReal,Demanda Real por Sistema,2025-11-27T00:00:00,2025-12-27T00:00:00,0,8990472.33,Sistema,2025-12-27 00:00:00,27,12,4,2025,5,False,True
DemaReal,Demanda Real por Sistema,2025-11-27T00:00:00,2025-12-27T00:00:00,1,8639228.17,Sistema,2025-12-27 01:00:00,27,12,4,2025,5,False,True
DemaReal,Demanda Real por Sistema,2025-11-27T00:00:00,2025-12-27T00:00:00,2,8393013.93,Sistema,2025-12-27 02:00:00,27,12,4,2025,5,False,True
DemaReal,Demanda Real por Sistema,2025-11-27T00:00:00,2025-12-27T00:00:00,3,8244615.89,Sistema,2025-12-27 03:00:00,27,12,4,2025,5,False,True
DemaReal,Demanda Real por Sistema,2025-11-27T00:00:00,2025-12-27T00:00:00,4,8209395.9,Sistema,2025-12-27 04:00:00,27,12,4,2025,5,False,True
DemaReal,Demanda Real por Sistema,2025-11-27T00:00:00,2025-12-27T00:00:00,5,8241229.58,Sistema,2025-12-27 05:00:00,27,12,4,2025,5,False,True
DemaReal,Demanda Real por Sistema,2025-11-27T00:00:00,2025-12-27T00:00:00,6,8244363.33,Sistema,2025-12-27 06:00:00,27,12,4,2025,5,False,True
DemaReal,Demanda Real por Sistema,2025-11-27T00:00:00,2025-12-27T00:00:00,7,8615722.09,Sistema,2025-12-27 07:00:00,27,12,4,2025,5,False,True
DemaReal,Demanda Real por Sistema,2025-11-27T00:00:00,2025-12-27T00:00:00,8,9028157.45,Sistema,2025-12-27 08:00:00,27,12,4,2025,5,False,True
DemaReal,Demanda Real por Sistema,2025-11-27T00:00:00,2025-12-27T00:00:00,9,9359456.22,Sistema,2025-12-27 09:00:00,27,12,4,2025,5,False,True
DemaReal,Demanda Real por Sistema,2025-11-27T00:00:00,2025-12-27T00:00:00,10,9649796.5,Sistema,2025-12-27 10:00:00,27,12,4,2025,5,False,True
DemaReal,Demanda Real por Sistema,2025-11-27T00:00:00,2025-12-27T00:00:00,11,9943709.67,Sistema,2025-12-27 11:00:00,27,12,4,2025,5,False,True
DemaReal,Demanda Real por Sistema,2025-11-27T00:00:00,2025-12-27T00:00:00,12,9911674.82,Sistema,2025-12-27 12:00:00,27,12,4,2025,5,False,True
DemaReal,Demanda Real por Sistema,2025-11-27T00:00:00,2025-12-27T00:00:00,13,9939715.15,Sistema,2025-12-27 13:00:00,27,12,4,2025,5,False,True
DemaReal,Demanda Real por Sistema,2025-11-27T00:00:00,2025-12-27T00:00:00,14,9992807.0,Sistema,2025-12-27 14:00:00,27,12,4,2025,5,False,True
DemaReal,Demanda Real por Sistema,2025-11-27T00:00:00,2025-12-27T00:00:00,15,9991134.39,Sistema,2025-12-27 15:00:00,27,12,4,2025,5,False,True
DemaReal,Demanda Real por Sistema,2025-11-27T00:00:00,2025-12-27T00:00:00,16,9978309.58,Sistema,2025-12-27 16:00:00,27,12,4,2025,5,False,True
DemaReal,Demanda Real por Sistema,2025-11-27T00:00:00,2025-12-27T00:00:00,17,10086096.72,Sistema,2025-12-27 17:00:00,27,12,4,2025,5,False,True
DemaReal,Demanda Real por Sistema,2025-11-27T00:00:00,2025-12-27T00:00:00,18,10779333.06,Sistema,2025-12-27 18:00:00,27,12,4,2025,5,False,True
DemaReal,Demanda Real por Sistema,2025-11-27T00:00:00,2025-12-27T00:00:00,19,10774506.84,Sistema,2025-12-27 19:00:00,27,12,4,2025,5,False,True
DemaReal,Demanda Real por Sistema,2025-11-27T00:00:00,2025-12-27T00:00:00,20,10512476.0,Sistema,2025-12-27 20:00:00,27,12,4,2025,5,False,True
DemaReal,Demanda Real por Sistema,2025-11-27T00:00:00,2025-12-27T00:00:00,21,10130021.31,Sistema,2025-12-27 21:00:00,27,12,4,2025,5,False,True
DemaReal,Demanda Real por Sistema,2025-11-27T00:00:00,2025-12-27T00:00:00,22,9697890.62,Sistema,2025-12-27 22:00:00,27,12,4,2025,5,False,True
DemaReal,Demanda Real por Sistema,2025-11-27T00:00:00,2025-12-27T00:00:00,23,9253847.35,Sistema,2025-12-27 23:00:00,27,12,4,2025,5,False,True
DemaReal,Demanda Real por Sistema,2025-12-28T00:00:00,2025-12-31T00:00:00,0,8877610.35,Sistema,2025-12-28 00:00:00,28,12,4,2025,6,False,True
DemaReal,Demanda Real por Sistema,2025-12-28T00:00:00,2025-12-31T00:00:00,1,8524264.29,Sistema,2025-12-28 01:00:00,28,12,4,2025,6,False,True
DemaReal,Demanda Real por Sistema,2025-12-28T00:00:00,2025-12-31T00:00:00,2,8230222.27,Sistema,2025-12-28 02:00:00,28,12,4,2025,6,False,True
DemaReal,Demanda Real por Sistema,2025-12-28T00:00:00,2025-12-31T00:00:00,3,8077162.17,Sistema,2025-12-28 03:00:00,28,12,4,2025,6,False,True
DemaReal,Demanda Real por Sistema,2025-12-28T00:00:00,2025-12-31T00:00:00,4,7997003.41,Sistema,2025-12-28 04:00:00,28,12,4,2025,6,False,True
DemaReal,Demanda Real por Sistema,2025-12-28T00:00:00,2025-12-31T00:00:00,5,7909950.83,Sistema,2025-12-28 05:00:00,28,12,4,2025,6,False,True
DemaReal,Demanda Real por Sistema,2025-12-28T00:00:00,2025-12-31T00:00:00,6,7695507.2,Sistema,2025-12-28 06:00:00,28,12,4,2025,6,False,True
DemaReal,Demanda Real por Sistema,2025-12-28T00:00:00,2025-12-31T00:00:00,7,7907145.48,Sistema,2025-12-28 07:00:00,28,12,4,2025,6,False,True
DemaReal,Demanda Real por Sistema,2025-12-28T00:00:00,2025-12-31T00:00:00,8,8193821.53,Sistema,2025-12-28 08:00:00,28,12,4,2025,6,False,True
DemaReal,Demanda Real por Sistema,2025-12-28T00:00:00,2025-12-31T00:00:00,9,8514888.82,Sistema,2025-12-28 09:00:00,28,12,4,2025,6,False,True
DemaReal,Demanda Real por Sistema,2025-12-28T00:00:00,2025-12-31T00:00:00,10,8801289.14,Sistema,2025-12-28 10:00:00,28,12,4,2025,6,False,True
DemaReal,Demanda Real por Sistema,2025-12-28T00:00:00,2025-12-31T00:00:00,11,9049732.1,Sistema,2025-12-28 11:00:00,28,12,4,2025,6,False,True
DemaReal,Demanda Real por Sistema,2025-12-28T00:00:00,2025-12-31T00:00:00,12,9178217.29,Sistema,2025-12-28 12:00:00,28,12,4,2025,6,False,True
DemaReal,Demanda Real por Sistema,2025-12-28T00:00:00,2025-12-31T00:00:00,13,9250334.31,Sistema,2025-12-28 13:00:00,28,12,4,2025,6,False,True
DemaReal,Demanda Real por Sistema,2025-12-28T00:00:00,2025-12-31T00:00:00,14,9276870.44,Sistema,2025-12-28 14:00:00,28,12,4,2025,6,False,True
DemaReal,Demanda Real por Sistema,2025-12-28T00:00:00,2025-12-31T00:00:00,15,9288466.18,Sistema,2025-12-28 15:00:00,28,12,4,2025,6,False,True
DemaReal,Demanda Real por Sistema,2025-12-28T00:00:00,2025-12-31T00:00:00,16,9326629.43,Sistema,2025-12-28 16:00:00,28,12,4,2025,6,False,True
DemaReal,Demanda Real por Sistema,2025-12-28T00:00:00,2025-12-31T00:00:00,17,9422717.09,Sistema,2025-12-28 17:00:00,28,12,4,2025,6,False,True
DemaReal,Demanda Real por Sistema,2025-12-28T00:00:00,2025-12-31T00:00:00,18,10131073.68,Sistema,2025-12-28 18:00:00,28,12,4,2025,6,False,True
DemaReal,Demanda Real por Sistema,2025-12-28T00:00:00,2025-12-31T00:00:00,19,10317566.97,Sistema,2025-12-28 19:00:00,28,12,4,2025,6,False,True
DemaReal,Demanda Real por Sistema,2025-12-28T00:00:00,2025-12-31T00:00:00,20,10214567.64,Sistema,2025-12-28 20:00:00,28,12,4,2025,6,False,True
DemaReal,Demanda Real por Sistema,2025-12-28T00:00:00,2025-12-31T00:00:00,21,9959202.15,Sistema,2025-12-28 21:00:00,28,12,4,2025,6,False,True
DemaReal,Demanda Real por Sistema,2025-12-28T00:00:00,2025-12-31T00:00:00,22,9607566.72,Sistema,2025-12-28 22:00:00,28,12,4,2025,6,False,True
DemaReal,Demanda Real por Sistema,2025-12-28T00:00:00,2025-12-31T00:00:00,23,9206904.84,Sistema,2025-12-28 23:00:00,28,12,4,2025,6,False,True
DemaReal,Demanda Real por Sistema,2025-12-28T00:00:00,2025-12-31T00:00:00,0,8784066.37,Sistema,2025-12-29 00:00:00,29,12,4,2025,0,False,False
DemaReal,Demanda Real por Sistema,2025-12-28T00:00:00,2025-12-31T00:00:00,1,8466900.47,Sistema,2025-12-29 01:00:00,29,12,4,2025,0,False,False
DemaReal,Demanda Real por Sistema,2025-12-28T00:00:00,2025-12-31T00:00:00,2,8238985.61,Sistema,2025-12-29 02:00:00,29,12,4,2025,0,False,False
DemaReal,Demanda Real por Sistema,2025-12-28T00:00:00,2025-12-31T00:00:00,3,8142956.55,Sistema,2025-12-29 03:00:00,29,12,4,2025,0,False,False
DemaReal,Demanda Real por Sistema,2025-12-28T00:00:00,2025-12-31T00:00:00,4,8202724.75,Sistema,2025-12-29 04:00:00,29,12,4,2025,0,False,False
DemaReal,Demanda Real por Sistema,2025-12-28T00:00:00,2025-12-31T00:00:00,5,8420250.51,Sistema,2025-12-29 05:00:00,29,12,4,2025,0,False,False
DemaReal,Demanda Real por Sistema,2025-12-28T00:00:00,2025-12-31T00:00:00,6,8547905.84,Sistema,2025-12-29 06:00:00,29,12,4,2025,0,False,False
DemaReal,Demanda Real por Sistema,2025-12-28T00:00:00,2025-12-31T00:00:00,7,8994523.88,Sistema,2025-12-29 07:00:00,29,12,4,2025,0,False,False
DemaReal,Demanda Real por Sistema,2025-12-28T00:00:00,2025-12-31T00:00:00,8,9411006.88,Sistema,2025-12-29 08:00:00,29,12,4,2025,0,False,False
DemaReal,Demanda Real por Sistema,2025-12-28T00:00:00,2025-12-31T00:00:00,9,9710030.85,Sistema,2025-12-29 09:00:00,29,12,4,2025,0,False,False
DemaReal,Demanda Real por Sistema,2025-12-28T00:00:00,2025-12-31T00:00:00,10,10028777.87,Sistema,2025-12-29 10:00:00,29,12,4,2025,0,False,False
DemaReal,Demanda Real por Sistema,2025-12-28T00:00:00,2025-12-31T00:00:00,11,10320582.46,Sistema,2025-12-29 11:00:00,29,12,4,2025,0,False,False
DemaReal,Demanda Real por Sistema,2025-12-28T00:00:00,2025-12-31T00:00:00,12,10432129.3,Sistema,2025-12-29 12:00:00,29,12,4,2025,0,False,False
DemaReal,Demanda Real por Sistema,2025-12-28T00:00:00,2025-12-31T00:00:00,13,10516637.48,Sistema,2025-12-29 13:00:00,29,12,4,2025,0,False,False
DemaReal,Demanda Real por Sistema,2025-12-28T00:00:00,2025-12-31T00:00:00,14,10661958.36,Sistema,2025-12-29 14:00:00,29,12,4,2025,0,False,False
DemaReal,Demanda Real por Sistema,2025-12-28T00:00:00,2025-12-31T00:00:00,15,10671042.49,Sistema,2025-12-29 15:00:00,29,12,4,2025,0,False,False
DemaReal,Demanda Real por Sistema,2025-12-28T00:00:00,2025-12-31T00:00:00,16,10623341.09,Sistema,2025-12-29 16:00:00,29,12,4,2025,0,False,False
DemaReal,Demanda Real por Sistema,2025-12-28T00:00:00,2025-12-31T00:00:00,17,10531787.45,Sistema,2025-12-29 17:00:00,29,12,4,2025,0,False,False
DemaReal,Demanda Real por Sistema,2025-12-28T00:00:00,2025-12-31T00:00:00,18,11094656.52,Sistema,2025-12-29 18:00:00,29,12,4,2025,0,False,False
DemaReal,Demanda Real por Sistema,2025-12-28T00:00:00,2025-12-31T00:00:00,19,11115651.6,Sistema,2025-12-29 19:00:00,29,12,4,2025,0,False,False
DemaReal,Demanda Real por Sistema,2025-12-28T00:00:00,2025-12-31T00:00:00,20,10853900.05,Sistema,2025-12-29 20:00:00,29,12,4,2025,0,False,False
DemaReal,Demanda Real por Sistema,2025-12-28T00:00:00,2025-12-31T00:00:00,21,10461160.39,Sistema,2025-12-29 21:00:00,29,12,4,2025,0,False,False
DemaReal,Demanda Real por Sistema,2025-12-28T00:00:00,2025-12-31T00:00:00,22,10008157.07,Sistema,2025-12-29 22:00:00,29,12,4,2025,0,False,False
DemaReal,Demanda Real por Sistema,2025-12-28T00:00:00,2025-12-31T00:00:00,23,9484406.9,Sistema,2025-12-29 23:00:00,29,12,4,2025,0,False,False
DemaReal,Demanda Real por Sistema,2025-12-28T00:00:00,2025-12-31T00:00:00,0,9040326.34,Sistema,2025-12-30 00:00:00,30,12,4,2025,1,False,False
DemaReal,Demanda Real por Sistema,2025-12-28T00:00:00,2025-12-31T00:00:00,1,8706014.15,Sistema,2025-12-30 01:00:00,30,12,4,2025,1,False,False
DemaReal,Demanda Real por Sistema,2025-12-28T00:00:00,2025-12-31T00:00:00,2,8415620.36,Sistema,2025-12-30 02:00:00,30,12,4,2025,1,False,False
DemaReal,Demanda Real por Sistema,2025-12-28T00:00:00,2025-12-31T00:00:00,3,8277441.1,Sistema,2025-12-30 03:00:00,30,12,4,2025,1,False,False
DemaReal,Demanda Real por Sistema,2025-12-28T00:00:00,2025-12-31T00:00:00,4,8320949.85,Sistema,2025-12-30 04:00:00,30,12,4,2025,1,False,False
DemaReal,Demanda Real por Sistema,2025-12-28T00:00:00,2025-12-31T00:00:00,5,8467022.08,Sistema,2025-12-30 05:00:00,30,12,4,2025,1,False,False
DemaReal,Demanda Real por Sistema,2025-12-28T00:00:00,2025-12-31T00:00:00,6,8564823.61,Sistema,2025-12-30 06:00:00,30,12,4,2025,1,False,False
DemaReal,Demanda Real por Sistema,2025-12-28T00:00:00,2025-12-31T00:00:00,7,9049051.24,Sistema,2025-12-30 07:00:00,30,12,4,2025,1,False,False
DemaReal,Demanda Real por Sistema,2025-12-28T00:00:00,2025-12-31T00:00:00,8,9495210.88,Sistema,2025-12-30 08:00:00,30,12,4,2025,1,False,False
DemaReal,Demanda Real por Sistema,2025-12-28T00:00:00,2025-12-31T00:00:00,9,9746829.83,Sistema,2025-12-30 09:00:00,30,12,4,2025,1,False,False
DemaReal,Demanda Real por Sistema,2025-12-28T00:00:00,2025-12-31T00:00:00,10,9983681.6,Sistema,2025-12-30 10:00:00,30,12,4,2025,1,False,False
DemaReal,Demanda Real por Sistema,2025-12-28T00:00:00,2025-12-31T00:00:00,11,10182620.41,Sistema,2025-12-30 11:00:00,30,12,4,2025,1,False,False
DemaReal,Demanda Real por Sistema,2025-12-28T00:00:00,2025-12-31T00:00:00,12,10264898.9,Sistema,2025-12-30 12:00:00,30,12,4,2025,1,False,False
DemaReal,Demanda Real por Sistema,2025-12-28T00:00:00,2025-12-31T00:00:00,13,10272217.27,Sistema,2025-12-30 13:00:00,30,12,4,2025,1,False,False
DemaReal,Demanda Real por Sistema,2025-12-28T00:00:00,2025-12-31T00:00:00,14,10395752.08,Sistema,2025-12-30 14:00:00,30,12,4,2025,1,False,False
DemaReal,Demanda Real por Sistema,2025-12-28T00:00:00,2025-12-31T00:00:00,15,10420370.84,Sistema,2025-12-30 15:00:00,30,12,4,2025,1,False,False
DemaReal,Demanda Real por Sistema,2025-12-28T00:00:00,2025-12-31T00:00:00,16,10345033.36,Sistema,2025-12-30 16:00:00,30,12,4,2025,1,False,False
DemaReal,Demanda Real por Sistema,2025-12-28T00:00:00,2025-12-31T00:00:00,17,10303613.93,Sistema,2025-12-30 17:00:00,30,12,4,2025,1,False,False
DemaReal,Demanda Real por Sistema,2025-12-28T00:00:00,2025-12-31T00:00:00,18,10899963.96,Sistema,2025-12-30 18:00:00,30,12,4,2025,1,False,False
DemaReal,Demanda Real por Sistema,2025-12-28T00:00:00,2025-12-31T00:00:00,19,10940506.24,Sistema,2025-12-30 19:00:00,30,12,4,2025,1,False,False
DemaReal,Demanda Real por Sistema,2025-12-28T00:00:00,2025-12-31T00:00:00,20,10687297.63,Sistema,2025-12-30 20:00:00,30,12,4,2025,1,False,False
DemaReal,Demanda Real por Sistema,2025-12-28T00:00:00,2025-12-31T00:00:00,21,10392206.12,Sistema,2025-12-30 21:00:00,30,12,4,2025,1,False,False
DemaReal,Demanda Real por Sistema,2025-12-28T00:00:00,2025-12-31T00:00:00,22,9954801.36,Sistema,2025-12-30 22:00:00,30,12,4,2025,1,False,False
DemaReal,Demanda Real por Sistema,2025-12-28T00:00:00,2025-12-31T00:00:00,23,9430579.69,Sistema,2025-12-30 23:00:00,30,12,4,2025,1,False,False
DemaReal,Demanda Real por Sistema,2025-12-28T00:00:00,2025-12-31T00:00:00,0,8983188.76,Sistema,2025-12-31 00:00:00,31,12,4,2025,2,False,False
DemaReal,Demanda Real por Sistema,2025-12-28T00:00:00,2025-12-31T00:00:00,1,8615759.31,Sistema,2025-12-31 01:00:00,31,12,4,2025,2,False,False
DemaReal,Demanda Real por Sistema,2025-12-28T00:00:00,2025-12-31T00:00:00,2,8380341.69,Sistema,2025-12-31 02:00:00,31,12,4,2025,2,False,False
DemaReal,Demanda Real por Sistema,2025-12-28T00:00:00,2025-12-31T00:00:00,3,8182549.15,Sistema,2025-12-31 03:00:00,31,12,4,2025,2,False,False
DemaReal,Demanda Real por Sistema,2025-12-28T00:00:00,2025-12-31T00:00:00,4,8158977.59,Sistema,2025-12-31 04:00:00,31,12,4,2025,2,False,False
DemaReal,Demanda Real por Sistema,2025-12-28T00:00:00,2025-12-31T00:00:00,5,8241805.8,Sistema,2025-12-31 05:00:00,31,12,4,2025,2,False,False
DemaReal,Demanda Real por Sistema,2025-12-28T00:00:00,2025-12-31T00:00:00,6,8196045.92,Sistema,2025-12-31 06:00:00,31,12,4,2025,2,False,False
DemaReal,Demanda Real por Sistema,2025-12-28T00:00:00,2025-12-31T00:00:00,7,8486540.94,Sistema,2025-12-31 07:00:00,31,12,4,2025,2,False,False
DemaReal,Demanda Real por Sistema,2025-12-28T00:00:00,2025-12-31T00:00:00,8,8847365.76,Sistema,2025-12-31 08:00:00,31,12,4,2025,2,False,False
DemaReal,Demanda Real por Sistema,2025-12-28T00:00:00,2025-12-31T00:00:00,9,9102261.86,Sistema,2025-12-31 09:00:00,31,12,4,2025,2,False,False
DemaReal,Demanda Real por Sistema,2025-12-28T00:00:00,2025-12-31T00:00:00,10,9372759.95,Sistema,2025-12-31 10:00:00,31,12,4,2025,2,False,False
DemaReal,Demanda Real por Sistema,2025-12-28T00:00:00,2025-12-31T00:00:00,11,9552358.65,Sistema,2025-12-31 11:00:00,31,12,4,2025,2,False,False
DemaReal,Demanda Real por Sistema,2025-12-28T00:00:00,2025-12-31T00:00:00,12,9534333.63,Sistema,2025-12-31 12:00:00,31,12,4,2025,2,False,False
DemaReal,Demanda Real por Sistema,2025-12-28T00:00:00,2025-12-31T00:00:00,13,9524312.39,Sistema,2025-12-31 13:00:00,31,12,4,2025,2,False,False
DemaReal,Demanda Real por Sistema,2025-12-28T00:00:00,2025-12-31T00:00:00,14,9440592.36,Sistema,2025-12-31 14:00:00,31,12,4,2025,2,False,False
DemaReal,Demanda Real por Sistema,2025-12-28T00:00:00,2025-12-31T00:00:00,15,9425656.18,Sistema,2025-12-31 15:00:00,31,12,4,2025,2,False,False
DemaReal,Demanda Real por Sistema,2025-12-28T00:00:00,2025-12-31T00:00:00,16,9464455.04,Sistema,2025-12-31 16:00:00,31,12,4,2025,2,False,False
DemaReal,Demanda Real por Sistema,2025-12-28T00:00:00,2025-12-31T00:00:00,17,9638900.41,Sistema,2025-12-31 17:00:00,31,12,4,2025,2,False,False
DemaReal,Demanda Real por Sistema,2025-12-28T00:00:00,2025-12-31T00:00:00,18,10362998.88,Sistema,2025-12-31 18:00:00,31,12,4,2025,2,False,False
DemaReal,Demanda Real por Sistema,2025-12-28T00:00:00,2025-12-31T00:00:00,19,10409853.6,Sistema,2025-12-31 19:00:00,31,12,4,2025,2,False,False
DemaReal,Demanda Real por Sistema,2025-12-28T00:00:00,2025-12-31T00:00:00,20,10006764.73,Sistema,2025-12-31 20:00:00,31,12,4,2025,2,False,False
DemaReal,Demanda Real por Sistema,2025-12-28T00:00:00,2025-12-31T00:00:00,21,9464507.63,Sistema,2025-12-31 21:00:00,31,12,4,2025,2,False,False
DemaReal,Demanda Real por Sistema,2025-12-28T00:00:00,2025-12-31T00:00:00,22,8961022.88,Sistema,2025-12-31 22:00:00,31,12,4,2025,2,False,False
DemaReal,Demanda Real por Sistema,2025-12-28T00:00:00,2025-12-31T00:00:00,23,8530472.95,Sistema,2025-12-31 23:00:00,31,12,4,2025,2,False,False
